building_id,profile_class,weekday_mean,weekend_mean,day_night_ratio,peak_hour
Panther_parking_Lorriane,C,11.021475,9.9852463,0.75219976,20
Panther_lodging_Cora,B,135.49842,133.95967,1.0955543,21
Panther_office_Hannah,D,7.1008487,5.6541808,1.6823961,15
Panther_lodging_Hattie,B,141.00176,139.58521,1.0813339,18
Panther_education_Teofila,D,159.70128,148.4769,1.546921,11
Panther_education_Jerome,B,494.17176,464.53606,1.1105956,15
Panther_retail_Felix,D,123.08641,110.7709,2.0284021,15
Panther_parking_Asia,C,27.002401,26.676594,0.49490143,21
Panther_education_Misty,B,33.385466,33.552577,1.0586755,10
Panther_retail_Gilbert,C,0.79286636,0.78670905,0.62276462,21
Panther_office_Catherine,D,45.748993,40.649026,2.2789351,8
Panther_education_Tina,D,7.6252852,7.2778956,1.5835813,16
Panther_education_Janis,D,27.976952,23.247557,1.8266336,14
Panther_office_Patti,C,484.89032,445.28763,1.3905825,17
Panther_retail_Romeo,B,447.28077,399.77781,1.1728674,13
Panther_office_Lauretta,B,175.69952,166.07619,1.1099116,14
Panther_parking_Alaina,C,37.631593,36.405396,0.51607951,21
Panther_office_Valarie,B,33.8794,33.450548,1.0258086,8
Panther_lodging_Blaine,B,76.106717,74.488921,1.103766,17
Panther_office_Karla,C,38.962689,26.463003,1.4032917,11
Panther_education_Quintin,C,303.2437,302.02427,1.5174654,7
Panther_assembly_Pamella,D,86.788345,74.310026,1.5644481,15
Panther_office_Graham,D,78.526525,65.881931,1.7380136,12
Panther_office_Larry,D,54.808615,46.501478,1.4335377,12
Panther_lodging_Jorge,B,67.371881,65.447228,1.011612,18
Panther_education_Violet,B,150.00837,148.23071,1.089665,14
Panther_lodging_Edison,B,104.84155,101.17583,1.0891152,17
Panther_office_Ruthie,B,118.6006,113.4229,1.1601576,11
Panther_lodging_Awilda,B,89.480702,90.24764,1.0081377,21
Panther_lodging_Gale,B,103.93492,104.28286,1.0178762,21
Panther_education_Edna,D,136.0686,112.01116,1.4795828,13
Panther_lodging_Kara,B,177.10291,172.59414,1.0642498,20
Panther_office_Garth,B,68.904821,49.615458,1.001893,11
Panther_parking_Mellissa,C,15.105111,14.906563,0.65439877,21
Panther_assembly_Carrol,C,27.687688,26.065466,2.4843067,20
Panther_lodging_Jana,C,84.211214,81.242692,1.1619396,16
Panther_lodging_Myrtle,B,53.214551,51.92919,0.97086051,6
Panther_education_Sophia,B,142.51781,136.86715,1.0281218,14
Panther_office_Shauna,D,103.64758,77.818468,1.7731167,8
Panther_other_Bethel,C,4.2032992,4.0512992,0.6623171,21
Panther_lodging_Cornelia,C,43.299961,41.180531,1.2468808,19
Panther_education_Hugh,B,605.81547,593.59814,1.0226295,14
Panther_lodging_Marisol,B,164.56998,161.56395,1.0982146,21
Panther_other_Bettie,B,14.166939,13.94499,1.0554486,20
Panther_office_Jesus,A,114.06046,64.249175,1.48181,15
Panther_office_Taryn,C,97.770712,81.565001,1.2807325,13
Panther_education_Annetta,C,112.84038,95.702075,1.3758799,11
Panther_office_Otto,D,223.94036,204.33315,1.5586003,9
Panther_lodging_Janice,B,55.370098,54.958981,0.93736403,6
Panther_education_Ivan,C,134.32006,125.46792,1.3817857,7
Panther_education_Alecia,D,230.62122,221.28525,1.5356881,13
Panther_office_Christian,C,34.994188,33.695116,0.82991126,6
Panther_education_Rosalie,B,65.395734,63.94711,0.99768094,8
Panther_lodging_Else,C,43.761631,45.045252,1.0123867,21
Panther_education_Jonathan,C,8.4374853,8.2766637,1.2268952,15
Panther_lodging_Dianna,B,51.824449,51.707076,0.89197913,6
Panther_office_Clementine,C,49.240278,42.554921,1.2686992,13
Panther_education_Neal,A,267.6184,167.16746,1.1722051,13
Panther_office_Danica,D,5.4305687,4.2777784,1.6296843,15
Panther_education_Mohammad,C,157.3389,125.1385,1.3773272,12
Panther_other_Lucina,B,382.34783,344.5832,1.1571921,14
Panther_parking_Charlene,C,43.199185,40.774012,0.54876828,21
Panther_lodging_Russell,C,36.011461,36.93317,1.05012,21
Panther_office_Christin,C,18.406885,17.714176,1.3729905,14
Panther_education_Enriqueta,C,98.704634,92.017528,1.7635069,21
Panther_assembly_David,C,72.782998,70.608354,1.6408165,19
Panther_education_Shelton,B,124.00967,117.31739,1.0625226,7
Panther_other_Lula,C,1.3031729,1.2802056,1.0629849,19
Panther_lodging_Fausto,C,49.842733,50.879332,1.0478684,21
Panther_lodging_Alita,B,73.021892,71.294262,1.0763261,18
Panther_education_Aurora,D,133.40643,102.14596,1.9160937,10
Panther_lodging_Willa,B,70.426169,70.411527,0.94408873,20
Panther_office_Antonette,C,31.934643,30.317156,0.62669658,3
Panther_office_Kristen,C,53.078865,49.01057,1.0073308,12
Panther_office_Brent,C,13.948319,13.628266,1.5631765,21
Panther_education_Vincent,D,158.26837,135.7889,1.5901834,12
Panther_parking_Stanley,C,43.311,43.024587,0.58821359,2
Panther_retail_Rachel,A,3.8699714,2.5312452,1.6285128,15
Panther_education_Mattie,D,7.0947907,5.681507,2.3834234,15
Panther_education_Genevieve,B,268.80364,248.81533,1.1780182,15
Panther_lodging_Floyd,B,158.36117,156.09941,1.1135074,17
Panther_education_Diann,D,92.027466,83.662284,1.5059617,12
Panther_education_Emily,C,131.1263,129.9371,1.796621,7
Panther_education_Scarlett,D,22.956989,20.060369,1.5540373,14
Panther_education_Zelda,D,84.399494,78.357467,2.1366163,14
Panther_retail_Kristina,A,36.501718,21.093309,1.8372578,12
Panther_lodging_Sonja,B,114.37396,110.89847,1.1350536,17
Panther_office_Jeane,C,22.095504,17.03426,1.3846084,16
Panther_lodging_Teresita,B,67.094352,64.836889,1.0532646,18
Panther_office_Lavinia,B,23.62471,21.334596,1.1934345,9
Panther_parking_Adela,C,46.382754,44.799758,0.47650937,21
Panther_office_Lois,B,147.91742,145.09487,1.0170157,7
Panther_assembly_Denice,D,480.44251,455.24514,1.4375622,14
Panther_parking_Jody,C,31.53647,30.899259,0.26157843,21
Panther_lodging_Kirk,B,151.73678,148.03509,1.083742,20
Panther_education_Gina,B,422.78756,403.18943,1.0872003,14
Panther_lodging_Kaitlin,C,49.480825,47.231242,1.1350423,19
Panther_assembly_Gwyneth,B,239.59531,248.52449,1.0492682,20
Panther_retail_Lester,D,5.9250279,5.5232108,1.7946587,15
Panther_education_Karri,B,390.95485,372.25255,1.0275777,12
Panther_lodging_Edmond,C,44.163466,42.663729,1.2411149,18
Panther_lodging_Tracie,C,57.373716,55.334378,0.8027608,19
Panther_lodging_Anastasia,B,51.683988,51.366281,0.92241771,6
Panther_education_Cleopatra,C,27.839025,23.26416,2.139391,7
Panther_other_Tyrone,C,26.827553,25.67866,1.2402416,14
Robin_public_Carolina,D,149.06917,118.68072,1.4359029,13
Robin_lodging_Dorthy,C,30.901534,31.443495,1.5846373,19
Robin_education_Zenia,C,210.33211,177.73818,1.2852917,15
Robin_office_Dina,C,37.979319,29.779481,1.3617254,16
Robin_education_Derick,C,550.53111,474.41736,1.2516757,15
Robin_education_Della,A,3.6001953,2.2170377,1.9533575,16
Robin_education_Leslie,C,914.35459,816.18748,1.2823095,15
Robin_office_Sammie,D,87.680313,69.12824,1.5155388,14
Robin_education_Mercedes,B,265.55034,229.20842,1.231772,16
Robin_education_Julius,D,370.51579,284.2923,1.600052,12
Robin_education_Lashandra,C,170.56278,158.5493,1.3231635,16
Robin_education_Lizbeth,B,123.90001,115.86558,1.1527172,15
Robin_office_Gayle,D,64.184255,46.527113,1.5885348,16
Robin_office_Shirlene,C,33.897298,25.343289,1.3839339,15
Robin_education_Madeline,B,371.95568,335.94881,1.1598254,12
Robin_lodging_Phillip,C,39.988107,35.693474,1.1606471,13
Robin_education_Jasper,B,171.57595,149.56388,1.2021326,11
Robin_office_Wai,A,185.55018,119.78718,1.9415694,14
Robin_education_Terrance,C,275.49041,235.09276,1.2657476,14
Robin_lodging_Elmer,C,96.867309,85.783922,1.3867088,18
Robin_office_Addie,C,22.029689,16.838745,1.345077,15
Robin_education_Cecilia,D,54.964513,45.696172,1.4574208,17
Robin_education_Kiera,D,85.339924,59.662654,1.7515219,15
Robin_lodging_Pricilla,C,63.027008,61.923161,1.14353,20
Robin_education_So,B,506.81818,452.69665,1.1680584,15
Robin_office_Maryann,C,246.55144,193.14812,1.2743475,14
Robin_office_Serena,D,56.925361,38.470793,1.8108851,14
Robin_education_Derrick,B,419.51233,362.45768,1.2406459,15
Robin_education_Megan,B,260.34481,226.37197,1.2292154,15
Robin_office_Adolph,C,28.034296,24.715777,1.3095784,14
Robin_office_Lindsay,C,48.307067,39.025782,1.4056918,14
Robin_education_Takako,C,164.36785,148.01032,1.2410322,12
Robin_lodging_Oliva,C,55.503929,53.08823,1.2788872,19
Robin_office_Victor,D,58.718079,40.213584,1.7213025,15
Robin_education_Margarito,B,541.30077,496.85948,1.1628435,15
Robin_public_Cami,C,73.63811,62.492818,1.3948383,16
Robin_education_Kristopher,B,130.22416,110.21051,1.2409174,12
Robin_education_Billi,A,43.91239,23.052297,2.4340292,14
Robin_lodging_Celia,C,51.938452,49.531011,1.439354,19
Robin_office_Donald,C,159.54588,131.1779,1.3244828,15
Robin_assembly_Colleen,D,50.227033,40.215573,1.7302202,14
Robin_office_Soledad,D,14.236087,10.750826,1.474391,12
Robin_education_Audrea,B,291.63083,274.96769,1.075973,16
Robin_office_Saul,C,18.272135,15.884448,1.2377248,12
Robin_lodging_Donna,B,21.405981,20.870126,1.1535662,20
Robin_office_Antonina,C,438.0656,361.87923,1.3392192,14
Robin_office_Erma,A,18.099605,11.033099,2.158646,9
Robin_office_Zelma,D,116.04877,94.846878,1.4604029,15
Robin_lodging_Renea,D,93.632203,80.554987,1.4580939,18
Robin_lodging_Armand,B,38.441771,37.800686,1.2378467,19
Robin_education_Karyl,C,65.783585,53.062317,1.3756783,15
Robin_lodging_Janie,C,119.13304,117.91581,1.0599855,20
Fox_lodging_Stephen,B,82.304374,81.992028,1.0398598,22
Fox_education_Virginia,A,12.360042,4.659615,1.4888497,9
Fox_lodging_Stephan,B,30.91491,29.333415,1.0471129,21
Fox_office_Israel,C,128.66307,103.07308,1.3904322,11
Fox_education_Lilly,C,195.63041,165.2005,1.2628914,13
Fox_education_Kris,D,111.70987,94.73006,2.646292,14
Fox_education_Gayla,D,67.617771,47.562909,1.6918315,11
Fox_lodging_Warren,B,36.524218,35.543626,1.0426597,21
Fox_education_Andre,B,464.60671,429.71615,1.1773878,15
Fox_retail_Manie,D,69.045713,53.767732,1.994885,15
Fox_assembly_Emma,C,171.87348,168.27649,1.5524595,19
Fox_education_Willis,B,2441.6174,2413.2863,1.0233247,16
Fox_education_Charles,C,16.258021,14.72656,1.3730615,16
Fox_office_Gaylord,D,179.93758,120.37918,1.9946199,14
Fox_office_Margarita,C,20.213235,16.51431,1.3225712,14
Fox_lodging_Frances,B,100.67743,95.215593,1.0746979,19
Fox_office_Clayton,D,92.177846,76.584078,2.3021312,15
Fox_office_Demetrius,C,131.76889,100.23063,0.95180755,5
Fox_office_Berniece,C,31.425186,19.063558,0.98653849,7
Fox_office_Susanne,A,19.911803,12.111576,1.5904265,15
Fox_office_Alice,B,370.29854,337.02246,1.1701104,13
Fox_education_Leota,C,230.87665,179.51593,1.4160293,13
Fox_assembly_Adrianne,C,237.01469,223.51725,1.4230058,19
Fox_lodging_Morris,B,24.002398,22.089769,1.1012297,11
Fox_education_Theodore,B,273.04239,263.58238,1.0553565,11
Fox_assembly_Jerrod,C,1.9030871,1.7091899,1.1499409,23
Fox_assembly_Gary,B,92.329958,89.950369,1.0982689,21
Fox_assembly_Bradley,C,157.02194,154.32861,0.9387084,20
Fox_office_Molly,A,8.3836411,4.2844173,1.7017385,14
Fox_education_Dewayne,A,87.009395,54.027489,1.6660325,12
Fox_assembly_Johnnie,D,352.42283,296.33494,1.551898,15
Fox_education_Jacqueline,C,93.636963,88.384844,0.59816794,21
Fox_education_Yolande,B,533.01748,496.40541,1.1698732,10
Fox_education_Lesley,A,15.889111,6.9729311,1.6601349,9
Fox_assembly_Renna,B,383.91771,356.26219,1.1034576,13
Fox_lodging_Wallace,B,355.26788,339.34394,1.1631145,19
Fox_education_Maris,B,23.165904,19.930052,1.1599246,13
Fox_warehouse_Pearl,D,34.097462,29.987778,1.6610103,15
Fox_education_John,D,61.384607,46.050732,1.9632421,15
Fox_food_Scott,D,76.530124,67.064772,1.865191,10
Fox_education_Marcelina,D,4.3833462,3.483732,1.4317795,6
Fox_utility_Marian,C,476.20467,446.90526,0.24935054,1
Fox_education_Sterling,A,25.262459,15.141881,3.531062,12
Fox_education_Elvira,D,197.01962,169.32524,1.4522332,10
Fox_lodging_Isabell,B,27.950861,27.060899,1.0280849,22
Fox_education_Ollie,C,110.5964,101.32357,1.2966184,15
Fox_education_Elois,C,11.756556,9.8904762,1.3171963,12
Fox_education_Melinda,B,414.50612,390.4834,1.1297595,14
Fox_education_Geoffrey,B,123.48134,111.70804,1.1345642,13
Fox_education_Vernon,D,65.406274,44.482149,1.7719317,7
Fox_office_Brandy,A,37.464168,19.058879,2.410226,14
Fox_public_Bart,D,141.57199,108.45932,1.7548049,13
Fox_lodging_Angla,D,120.37065,111.91597,1.448763,18
Fox_education_Tamika,D,161.43262,124.40448,1.4644524,15
Fox_office_Vicki,C,154.89125,126.7727,1.3883125,15
Fox_education_Janina,C,131.30132,115.88595,1.2828448,9
Fox_education_Burton,B,50.220423,41.701123,0.98091642,5
Fox_office_Karima,A,78.938427,51.075255,2.5162099,14
Fox_assembly_Lakeisha,D,18.890414,14.618095,1.9772896,17
Fox_assembly_Cathy,D,59.878688,52.080334,1.5761729,15
Fox_office_Zachary,C,179.07092,140.86145,1.1731892,10
Fox_education_Gloria,B,666.01263,646.78821,1.058647,15
Fox_education_Nilda,D,141.93315,120.91824,1.5503851,15
Fox_parking_Tommie,B,87.881644,86.069275,1.0080621,19
Fox_education_Ashli,C,29.652025,27.192723,1.1951692,12
Fox_office_Joy,C,189.17554,164.2275,1.3625772,15
Fox_public_Denny,B,144.69428,137.66613,1.2300006,14
Fox_health_Lorena,C,43.582164,37.991842,1.3970778,12
Fox_lodging_Helen,B,356.49013,347.84715,1.0230257,21
Fox_education_Miguelina,A,105.93654,64.974168,1.7488584,15
Fox_education_Long,D,156.12778,124.68524,1.7371728,12
Fox_education_Louie,C,80.050241,71.632919,1.2936933,16
Fox_lodging_Jina,B,142.57478,140.27566,1.0913834,21
Fox_education_Shaun,C,98.346486,54.301095,1.2979208,7
Fox_education_Kim,D,62.111369,46.107081,1.624155,13
Fox_parking_Lynelle,C,13.259777,12.499345,0.490261,2
Fox_education_Otilia,B,944.27113,899.45215,1.0881837,15
Fox_lodging_Alana,B,203.07756,198.57695,1.0819987,22
Fox_assembly_Kathie,D,13.087836,9.5850533,1.6624873,8
Fox_office_Easter,A,26.297852,14.213633,1.6891896,11
Fox_education_Tonya,B,173.27974,161.64838,0.9746618,20
Fox_assembly_Christie,D,22.115492,17.89133,1.5530802,14
Fox_education_Elizabeth,D,498.70799,421.24691,1.472453,12
Fox_office_Juana,A,21.546911,12.587587,1.8396112,10
Fox_assembly_Boyce,C,356.20296,324.87973,1.2912328,14
Fox_education_Eddy,B,304.26171,278.24287,1.1047722,5
Fox_education_Melvin,A,68.543326,41.949912,1.8291026,13
Fox_assembly_Audrey,C,13.06939,13.035386,1.4470855,20
Fox_education_Eldon,B,197.36193,189.80486,1.054754,15
Fox_education_Suzan,C,42.797632,35.964724,1.4169364,14
Fox_assembly_Cindy,B,49.776926,48.91641,1.0499291,19
Fox_education_Shirley,A,111.91532,68.767888,1.386867,10
Fox_lodging_Winifred,B,84.557209,82.891871,1.0222515,21
Fox_food_Francesco,C,63.75442,53.193503,1.4766108,19
Fox_education_Claude,B,977.59412,955.08275,1.0420171,15
Fox_assembly_Sheldon,D,100.58995,96.467502,1.6968476,13
Fox_education_Maureen,C,301.63953,268.95903,1.2703733,16
Fox_education_Dominique,B,187.44126,176.49077,1.2217374,14
Fox_office_Carson,D,53.560835,47.088613,1.7520442,14
Fox_assembly_Cecelia,D,17.11607,15.796448,1.4391961,15
Fox_office_Sheila,D,9.7047696,8.361443,1.4481039,16
Fox_education_Stacia,B,77.983578,74.318664,1.0727545,12
Fox_education_Ray,C,48.280535,45.903367,0.91619316,7
Fox_education_Marlana,B,182.38791,167.03663,1.1241484,15
Fox_education_Rudolph,D,24.898139,20.336862,1.5483849,16
Fox_office_Thelma,A,137.69417,91.369369,1.5848673,12
Fox_education_Leona,C,287.20422,231.42398,1.3849064,13
Fox_education_Kendrick,A,13.978128,8.6646924,1.4968479,10
Fox_public_Lauren,B,124.97358,114.8867,1.1744839,13
Fox_education_Heriberto,D,39.534134,31.120456,1.7777056,12
Fox_public_Martin,B,188.69014,171.77179,1.1865091,14
Fox_assembly_Leeanne,C,18.431568,17.75423,1.0551447,18
Fox_assembly_Tony,C,85.280218,73.621065,1.5570531,20
Fox_education_Carleen,C,112.85419,87.830167,1.4001037,14
Fox_office_Essie,D,37.411251,27.862012,2.6403181,12
Fox_parking_Felipa,C,61.909377,61.237142,0.76180159,19
Fox_public_Belle,C,121.46917,118.42794,1.0808224,16
Fox_office_Rowena,D,39.699624,29.922983,1.5408512,13
Fox_education_Cynthia,B,218.47555,185.91878,1.0480543,6
Fox_office_Bernard,B,133.31906,130.62441,1.1711808,9
Fox_education_Rosie,B,131.04131,123.71532,0.99738102,19
Fox_education_Shawanda,C,12.529406,8.732048,1.3596499,19
Fox_education_Henrietta,C,30.050667,28.166708,1.1914014,16
Fox_education_Virgil,B,91.804345,84.116929,1.1646017,14
Fox_assembly_Dixie,D,76.9511,63.326692,4.0708409,13
Fox_education_Claire,A,67.879896,43.705924,1.5602759,11
Fox_education_Wendell,B,540.36424,511.16866,1.096787,15
Fox_public_Rhonda,D,118.21276,82.102885,1.479043,12
Fox_education_Etta,B,199.53558,196.56099,1.1397215,15
Fox_religion_Maurice,C,1.8334721,1.8422632,1.2182851,15
Fox_warehouse_Lorretta,C,18.626099,15.994114,0.6911322,20
Fox_assembly_Terrell,C,51.653594,43.769326,1.0424143,5
Fox_education_Delma,D,94.975249,86.146524,3.2928296,12
Fox_office_Edythe,C,120.30485,96.028748,1.2520007,12
Fox_assembly_Carlos,C,117.95281,97.513572,1.5870138,19
Fox_education_Jaclyn,B,195.49375,186.2535,1.065227,15
Fox_office_Yong,C,148.08775,103.29224,1.3627452,10
Rat_public_Emilee,D,39.78714,34.769863,2.7602079,15
Rat_public_Nell,C,48.722889,47.697977,1.0289103,15
Rat_retail_Jeffrey,D,75.763771,76.473061,1.5922378,15
Rat_education_Adrian,D,84.054859,62.269766,1.4293546,10
Rat_office_Annis,C,33.304412,33.07169,1.3518449,15
Rat_assembly_Suzanne,C,3.2843578,2.7368266,1.1778705,19
Rat_office_Jessica,B,733.94079,618.89496,1.2111598,10
Rat_education_Lee,C,419.51454,362.81339,1.425374,18
Rat_education_Alfonso,D,360.84354,267.92211,1.6142475,11
Rat_public_Frederick,C,20.424231,20.227612,1.0213444,15
Rat_education_Kathryn,D,541.08416,463.91755,1.7457555,9
Rat_public_Leta,C,17.008937,17.050548,1.0856628,19
Rat_education_Keith,C,110.92735,90.131019,1.3819733,10
Rat_education_Morton,C,159.12343,129.27571,1.2386469,11
Rat_other_Al,C,53.159841,52.067732,1.1087936,14
Rat_education_Willy,C,94.179884,76.364139,1.1096506,9
Rat_education_Davis,C,80.925919,72.019708,1.1833088,15
Rat_education_Edmund,A,56.929837,34.224411,1.9961303,10
Rat_assembly_Jamie,C,29.221813,27.393765,1.2466697,20
Rat_education_Conrad,A,201.97895,94.702074,2.0498553,14
Rat_public_Kelly,B,21.054794,21.092353,1.1149056,19
Rat_education_Verna,C,88.593206,69.627844,1.3736636,12
Rat_public_Sean,C,22.820576,20.064237,0.88476803,7
Rat_public_Kathleen,C,28.410392,28.23492,1.1714783,13
Rat_education_Kandice,C,69.42837,61.703055,1.0051154,20
Rat_warehouse_Maegan,B,6.9684286,6.8086676,0.99966903,8
Rat_assembly_Michel,C,14.674413,15.06051,0.89239495,19
Rat_public_Becky,C,21.049014,21.019371,1.047605,20
Rat_office_Colby,B,2192.3816,1969.9823,1.0673486,9
Rat_public_Toya,C,27.582002,24.432279,1.2226904,17
Rat_public_Loretta,C,206.27998,196.39914,1.0155091,21
Rat_education_Carmela,A,98.926732,54.9733,1.7364493,11
Rat_public_Sharron,B,44.040921,41.958287,0.94143353,19
Rat_public_Kelle,C,25.815347,23.767858,1.3684328,13
Rat_education_Donnell,C,63.183334,50.908199,1.3936543,8
Rat_office_Adele,C,630.21815,524.14921,1.1954946,9
Rat_public_Johnna,C,29.662606,30.51723,1.2226889,8
Rat_public_Bronwyn,B,454.91952,419.65985,1.1912987,12
Rat_education_Lincoln,D,176.36975,123.80463,1.8142688,13
Rat_education_Alfred,C,386.26312,296.09731,1.2883327,10
Rat_assembly_Gwen,C,5.6651746,5.1081948,0.61894869,20
Rat_assembly_Jennie,C,2.678088,2.4182715,1.4118506,17
Rat_assembly_Adolfo,D,36.340576,31.608733,1.4826874,18
Rat_assembly_Alex,C,6.4400987,6.3755253,0.70335997,5
Rat_public_Alanna,B,1168.5973,1157.2615,1.0515346,20
Rat_education_Jesse,C,30.56432,26.769917,1.2524089,9
Rat_lodging_Lakisha,C,0.54910454,0.52497643,0.95829304,22
Rat_education_Leonardo,D,52.104631,40.598596,1.6283281,11
Rat_public_Lynda,C,11.968237,11.898949,1.0818388,18
Rat_assembly_Pauline,D,1.8557727,1.6017232,1.6818088,17
Rat_religion_Kathy,D,5.1430113,5.1953198,1.5192951,10
Rat_education_Moises,B,163.05803,153.12975,1.0651334,15
Rat_office_Chris,B,913.57491,844.98031,1.0926096,12
Rat_public_Yetta,D,18.8783,16.498494,1.6382512,14
Rat_assembly_Jannie,C,0.835669,0.80986693,5.4176102,20
Rat_office_Jacinta,B,222.82744,208.57,1.1179743,14
Rat_public_Laurie,B,160.0543,148.62955,1.0664693,14
Rat_public_Sade,C,32.605983,32.159867,1.1527007,19
Rat_other_Daphne,C,11.932806,11.220457,1.1262496,7
Rat_assembly_Horace,C,26.523931,26.273793,1.2963469,19
Rat_public_Damon,C,20.805593,20.660975,1.1158607,18
Rat_education_Imelda,B,2.8903364,2.9030481,0.97477737,3
Rat_warehouse_Doretta,B,164.38394,139.82124,1.1639336,14
Rat_education_Roxanne,C,441.30028,351.3889,1.2253048,10
Rat_health_Mildred,D,19.106162,15.244136,1.4290211,13
Rat_health_Ann,C,95.730837,84.803118,1.1684292,15
Rat_education_Lynn,C,112.83109,90.496674,1.2886558,10
Rat_public_Vickie,C,45.390836,44.996926,1.1698005,15
Rat_public_Chrissy,B,56.325991,54.438176,1.2094856,15
Rat_public_Allyson,C,54.97704,53.465538,1.2952461,16
Rat_other_Lan,B,13.736593,13.631054,1.0608033,15
Rat_public_Johnny,B,20.562893,20.739021,0.98572718,21
Rat_education_Marvin,A,60.544704,37.077129,1.8792994,11
Rat_education_Beverly,A,735.29565,478.30288,1.435112,11
Rat_education_Matt,C,159.52784,117.44009,1.3546978,10
Rat_public_Isabel,C,54.400217,50.932448,1.3053644,16
Rat_public_Yessenia,D,114.6452,111.3313,2.1761219,13
Rat_assembly_Trent,C,23.229495,20.891267,1.2636076,12
Rat_public_Joann,C,18.054115,16.555778,1.3141787,15
Rat_education_Penny,D,174.98562,146.6194,1.580012,10
Rat_assembly_Ida,C,27.007462,24.409525,1.2424917,12
Rat_health_Gaye,C,40.568328,31.417463,1.3541161,16
Rat_education_Terese,C,123.18254,98.718963,1.3402829,11
Rat_education_Irma,D,79.548476,61.81472,1.4574151,14
Rat_office_Olivia,A,61.026448,32.513876,2.5021823,14
Rat_public_Stella,B,97.179268,94.869474,1.0465049,13
Rat_public_Hortencia,D,66.891918,40.769571,1.434336,7
Rat_education_Calvin,C,38.721617,33.404272,1.2347823,18
Rat_assembly_Teodoro,C,26.868421,25.93859,1.009177,20
Rat_education_Earnest,D,64.891634,49.570772,1.4291327,11
Rat_public_Roma,D,54.133412,51.221996,2.6592227,13
Rat_warehouse_Shari,C,47.118086,41.505147,1.0643802,13
Rat_education_Earl,C,167.99265,136.75345,1.3075587,11
Rat_public_Fredrick,C,13.348156,13.131413,1.078109,10
Rat_education_Wilmer,C,109.31072,85.125351,1.3759149,10
Rat_public_Helena,C,24.247098,23.809092,1.2229684,7
Rat_education_Stuart,C,48.793254,44.449792,1.2208715,9
Rat_education_Mavis,C,212.11479,185.0857,1.1126696,11
Rat_education_Marianna,D,86.370763,64.258749,1.5642455,10
Rat_public_Sharonda,C,38.923213,30.633691,1.1773,13
Rat_public_Elmira,C,23.187778,23.301375,1.0848331,18
Rat_public_Clyde,B,34.156341,34.119192,1.1386507,7
Rat_assembly_Kelley,C,2.7907107,2.5759936,0.82404005,0
Rat_assembly_Victorina,D,1.8561389,1.5073454,1.6100203,17
Rat_education_Chance,D,63.132784,44.857941,1.534609,12
Rat_public_Allie,C,11.796323,10.876289,1.3165195,16
Rat_education_Dana,C,103.26916,83.809382,1.3554204,10
Rat_public_Leo,B,18.087191,18.169596,1.0365411,20
Rat_assembly_Trudy,C,39.21224,34.157778,1.5554886,20
Rat_health_Tanya,C,51.924599,50.096052,1.2588027,15
Rat_education_Willie,D,258.23226,191.20354,2.0229497,13
Rat_public_Ramona,C,26.913569,26.769688,0.98900637,20
Rat_assembly_Kaitlyn,C,100.51781,95.014964,1.2103977,20
Rat_education_Eleonora,D,237.09377,200.21937,1.599137,13
Rat_education_Debra,C,112.61988,88.023085,1.308568,11
Rat_assembly_Rolland,C,41.734053,38.411761,1.3099231,20
Rat_education_Mose,D,89.643517,65.958888,1.509525,11
Rat_public_Julieann,C,4.4144977,4.3591236,0.89444032,22
Rat_lodging_Marguerite,C,22.635806,22.4575,1.1262314,21
Rat_lodging_Ardell,C,16.353164,14.605568,1.2718777,20
Rat_assembly_Aisha,C,81.681858,81.152153,0.98590235,20
Rat_public_Laura,C,13.295815,12.561808,1.1145984,15
Rat_office_Ronald,D,56.414795,46.473721,1.4399995,16
Rat_public_Kermit,C,18.173671,16.604911,1.3191566,16
Rat_education_Marcos,B,372.96239,352.59675,1.2163999,14
Rat_public_Courtney,D,31.679094,28.179706,1.543983,14
Rat_assembly_Teddy,B,87.315474,80.476108,1.1183304,11
Rat_education_Liz,D,100.15268,69.135119,1.6667975,10
Rat_education_Jacob,B,55.59479,55.735316,1.0456528,12
Rat_public_Ulysses,D,,,,
Rat_education_Zina,A,55.885813,32.486136,1.7142335,11
Rat_public_Kimber,C,246.77212,180.36426,1.0786507,8
Rat_other_Hazel,B,375.49578,370.4138,1.0191955,15
Rat_education_Barbara,C,1.5333268,1.5653139,0.098777892,2
Rat_public_Caroline,B,150.92605,145.38629,1.0426493,15
Rat_lodging_Lorenzo,C,2.9088768,2.9459628,0.94706535,22
Rat_assembly_Francine,B,40.778439,37.466558,1.0925203,20
Rat_education_Sherwood,C,110.01889,84.367089,1.3947146,12
Rat_public_Alexander,B,136.89993,126.99037,1.1172296,15
Rat_education_Pat,C,161.57848,158.781,0.98740982,6
Rat_education_Abigail,C,128.00547,104.70455,1.3352301,12
Rat_education_Gricelda,D,36.227048,25.291267,1.5195313,10
Rat_assembly_Dovie,D,25.366926,20.228153,1.5992871,18
Rat_education_Renee,C,34.973764,32.500943,1.1604337,20
Rat_public_Nelson,B,44.779612,43.902403,1.1634169,16
Rat_education_Patty,C,141.32841,126.83133,1.212974,14
Rat_public_Jason,C,25.584071,24.176521,1.1231087,20
Rat_public_Angle,B,343.65407,318.99791,1.1021296,19
Rat_assembly_Aubrey,C,17.182042,16.860604,0.81130514,20
Rat_assembly_Archie,C,3.0768106,3.0827342,1.3175797,15
Rat_public_Mark,C,23.188094,22.478282,0.79995485,4
Rat_public_Maxine,C,142.43245,117.21721,1.3313777,13
Rat_public_Dexter,B,13.154215,13.170294,1.0163651,20
Rat_public_Dalia,B,189.47748,177.99501,1.0626774,14
Rat_public_Michael,D,43.85499,39.390923,1.4689337,14
Rat_education_Mona,D,82.391954,67.238785,1.5902156,10
Rat_public_Norene,B,27.366991,27.265248,1.0186533,20
Rat_education_Elsie,D,124.43773,100.60796,1.8982555,12
Rat_public_Carole,C,18.841409,18.725181,1.1485141,19
Rat_assembly_Cristina,C,52.334185,48.049573,0.90228951,20
Rat_office_Jamal,A,1065.5615,621.42093,1.7506262,9
Rat_public_Michelle,D,72.543099,59.797429,1.5078223,12
Rat_education_Winnie,D,58.831498,46.57893,1.5050133,11
Rat_health_Rosaria,C,32.589087,27.138975,1.3993422,13
Rat_education_Everett,D,188.81438,149.26441,1.535728,12
Rat_education_Alyson,C,50.639759,47.57418,1.0835025,9
Rat_education_Tristan,C,30.028128,27.280585,1.2588763,9
Rat_education_Mac,C,168.2316,132.94809,1.146944,9
Rat_office_Ashlee,C,47.569474,41.877379,1.2808598,14
Rat_public_Neil,C,24.996175,23.098249,1.3275287,18
Rat_education_Adell,A,176.58376,80.225222,1.8880374,10
Rat_public_Sue,D,30.310575,26.045339,1.817096,15
Rat_education_Theo,D,592.91019,464.26705,1.5289199,10
Rat_office_Sammy,C,55.739471,48.536258,1.3573435,14
Rat_education_Nydia,C,162.23497,127.52217,1.353923,10
Rat_education_Francisca,C,36.503946,32.969799,1.118686,11
Rat_public_Darren,C,4.358168,4.3570741,0.69239554,2
Rat_education_Barney,C,29.841329,25.705506,1.2282492,10
Rat_health_Guy,B,1479.0516,1431.6056,1.0538701,13
Rat_public_Nancy,B,18.850791,19.087066,1.0155873,20
Rat_education_Rosalyn,C,75.78021,61.119152,1.3535802,10
Rat_assembly_Ruth,C,6.3220357,5.9429295,1.0580516,20
Rat_office_Arron,D,63.511575,49.676436,1.4951142,17
Rat_assembly_Ezequiel,C,41.038793,40.217718,1.0567089,19
Rat_public_Corinne,C,25.435768,25.378108,1.0801585,19
Rat_education_Jame,C,68.067882,56.528012,1.2764634,10
Rat_lodging_Jeannette,C,5.0478474,5.5174504,0.92260938,5
Rat_lodging_Ted,C,2.4688738,2.720559,1.2318527,19
Rat_education_Elisa,A,45.491279,24.557818,1.7515033,10
Rat_education_Cecil,C,65.461373,54.225431,1.2697795,14
Rat_public_Faye,C,31.386895,30.730252,1.0665509,6
Rat_public_Amber,D,10.492382,9.7365528,1.4780375,14
Rat_education_Cedric,C,98.376153,80.331009,1.3768354,13
Rat_assembly_Kenya,C,66.657238,59.876081,1.2464884,19
Rat_assembly_Donny,C,2.5976776,2.2209728,1.4486612,20
Rat_education_Salvatore,D,81.421402,70.93278,1.4365503,11
Rat_lodging_Ben,C,334.49781,313.58592,1.2415311,14
Rat_public_Tammara,D,7.7036622,6.8528574,1.8710375,16
Rat_office_Tracy,B,21.120763,19.304218,1.1166164,14
Rat_education_Nona,C,104.00093,84.330902,1.1030774,19
Rat_public_Andrea,C,214.49815,215.85675,0.98710217,6
Rat_parking_Ronnie,C,17.732498,14.761601,1.2060562,8
Rat_education_Fernando,D,67.638957,49.43049,1.5349954,11
Rat_education_Shellie,C,78.527362,65.295538,1.2714556,10
Rat_education_Bryant,B,58.806423,48.567305,1.1989013,10
Rat_public_Wilbur,B,178.86978,173.86197,1.0268793,15
Rat_education_Maricela,C,151.22411,126.40039,1.1935194,10
Rat_office_Randy,D,109.78143,85.930459,1.4850803,14
Rat_education_Ulrike,C,109.12477,91.050989,1.4212801,11
Rat_office_Craig,B,238.24999,225.17941,1.0026067,21
Rat_warehouse_Breanna,B,91.403064,90.1719,1.1434085,13
Rat_assembly_Erwin,C,18.344661,12.095584,1.4134873,20
Rat_assembly_Kimberley,C,67.672913,62.40287,1.2946667,15
Rat_office_Mei,B,20.617537,20.228684,1.2200723,13
Rat_education_Milagros,D,119.67099,87.099205,1.4985562,11
Rat_education_Zoe,D,99.111027,80.107353,1.541451,10
Rat_education_Dreama,B,93.671446,89.147549,1.0594917,13
Rat_assembly_Deandre,C,29.05641,28.577284,0.875927,21
Rat_assembly_Pam,C,8.5504231,8.366857,0.9659226,6
Rat_office_Jeannie,D,46.32388,36.431712,1.5342758,14
Rat_education_Tim,C,65.779329,53.47414,1.2770894,10
Rat_education_Royal,B,76.47499,64.159176,1.2296593,10
Rat_education_Humberto,C,184.18708,152.32676,1.1841289,17
Rat_public_Percy,C,6.70422,6.7010746,1.1305801,7
Rat_education_Veronica,A,205.56289,130.96806,1.3464013,13
Rat_lodging_Marion,C,36.453356,36.260522,1.1347603,21
Rat_public_Lloyd,C,74.320771,65.388973,1.3186918,13
Rat_education_Rogelio,D,128.21807,121.30871,1.6222421,8
Rat_lodging_Lucille,C,3.1257335,3.1740306,1.20075,12
Rat_office_Kasey,A,96.641186,61.143094,1.6338168,12
Rat_assembly_Myrna,C,7.1207026,6.8743148,1.0318469,20
Rat_public_Grover,B,17.832674,17.468535,1.0203461,21
Rat_education_Kristie,C,137.18538,113.50164,1.2538784,11
Rat_education_Kelsey,C,163.75566,143.12354,1.2622706,12
Rat_education_Brett,C,69.914987,53.985781,1.360719,12
Rat_public_Tommy,B,16.958915,16.416259,1.0682886,15
Rat_public_Berry,B,98.630967,94.820983,1.0155204,13
Rat_public_Fern,C,48.888576,48.215874,1.065187,19
Rat_assembly_Don,C,7.3770788,7.2358015,1.274082,18
Rat_education_Vicky,C,198.11968,158.34473,0.8299258,4
Rat_public_Roberta,C,14.902567,14.850324,1.0530045,20
Rat_education_Denise,D,89.595591,70.378272,1.5433083,11
Rat_assembly_Kristine,C,24.077241,22.44009,1.3452827,18
Rat_education_Robyn,C,163.50456,134.5209,1.2892273,12
Rat_education_Romana,C,39.845213,30.729086,1.389802,14
Rat_office_Lora,A,477.94284,303.48911,2.0852667,15
Rat_education_Paula,C,128.83016,112.28465,1.2544309,10
Rat_assembly_Gerald,C,3.8561666,3.8279245,0.71529331,20
Rat_office_Ramiro,C,36.21784,32.242637,1.0952577,12
Rat_assembly_Karen,C,177.19474,158.65043,1.3598125,19
Rat_public_Wilma,C,57.687883,54.083405,1.3401314,16
Rat_education_Meghan,D,59.003967,40.2703,1.4967303,10
Rat_public_Frank,C,8.0302237,8.0002502,0.96029314,7
Rat_public_Deidre,C,8.9376106,9.0820969,1.1182979,19
Rat_assembly_Viola,C,56.062062,48.674184,1.2812884,14
Rat_public_Laverne,C,12.864525,12.495167,1.0558339,20
Rat_office_Jill,A,762.73849,359.5604,2.0745249,12
Rat_public_Margart,D,43.626924,39.902861,2.3631932,16
Rat_education_Yu,C,84.691256,71.780667,1.4029012,11
Rat_warehouse_Eloisa,C,95.879493,78.885631,1.2266395,11
Rat_education_Cinthia,D,38.11062,28.696968,1.642235,20
Rat_education_Nellie,D,466.02585,359.02145,1.5430712,11
Rat_public_Duane,C,78.876321,75.779388,1.0434452,9
Rat_public_Tamra,B,21.01602,20.95642,1.0767598,19
Rat_education_Deanna,C,91.865237,79.543991,1.2622005,11
Rat_education_Sina,C,169.55503,163.76559,1.205823,9
Rat_education_Candida,C,145.88228,125.74991,1.3143696,10
Rat_assembly_Kristy,C,47.51419,55.417852,1.1864521,20
Rat_office_Avis,C,932.42122,868.64737,1.1258995,10
Rat_public_Shanta,C,12.199149,12.262427,1.1059567,20
Rat_public_Mabel,B,102.60908,98.048044,1.0578708,14
Rat_assembly_Mirta,D,179.22135,142.81432,1.4715228,10
Rat_lodging_Dwight,C,23.779044,24.867029,1.0066684,8
Rat_public_Josiah,C,89.060588,85.216444,0.99573921,21
Rat_public_Tricia,C,37.772138,36.861035,1.0536574,8
Rat_assembly_Damaris,C,4.8906508,4.9408419,0.77986821,4
Rat_public_Marcellus,C,10.31815,7.981367,1.0781547,13
Rat_public_Muriel,C,84.087474,81.009275,0.96918587,6
Rat_assembly_Monica,C,66.626742,62.678283,1.1673471,20
Rat_assembly_Silvia,C,11.794245,10.324228,1.0954663,20
Rat_education_Dianne,B,142.36879,133.09555,1.1708881,9
Rat_public_Ramon,C,31.484997,28.293237,1.2277881,13
Rat_education_Esther,C,100.84332,79.631326,1.3599095,10
Rat_education_Guillermo,B,111.86191,101.37351,1.1847287,14
Rat_public_Lea,C,68.386089,67.315512,0.79279394,21
Rat_health_Shane,B,1158.0111,1116.6478,1.0564407,19
Rat_education_Alonzo,D,151.84494,110.86635,1.6855832,9
Rat_education_Susana,C,8.1406716,9.3668055,0.99101906,14
Rat_education_Colin,D,59.692634,42.154037,1.5010132,10
Rat_assembly_Lillie,C,13.381589,13.44597,1.6369428,20
Rat_assembly_Frieda,C,129.49872,110.40445,1.3233153,19
Rat_education_Dann,B,199.77905,183.24349,1.1277886,10
Rat_public_Stacey,C,17.072019,14.596408,1.3997429,13
Rat_education_Jeanne,C,59.087513,48.710622,1.3020532,12
Rat_public_Angelina,C,32.853967,31.858874,1.0982186,7
Rat_public_Sana,C,1108.9495,1048.4189,1.0969602,13
Rat_office_Rosemary,D,18.009633,12.94143,1.5119605,11
Rat_public_Desiree,B,12.88929,13.17055,1.0729014,19
Rat_education_Lonnie,A,68.342433,41.075174,1.7319706,11
Rat_education_Jena,D,177.80322,127.82474,1.5516677,11
Rat_office_Loyd,D,59.826741,44.30835,1.601564,13
Rat_education_Tania,D,324.79438,277.76956,1.4516505,8
Rat_assembly_Rosemarie,C,11.380807,11.079494,1.0052917,13
Rat_education_Angelica,C,60.146717,49.824942,1.3101303,12
Rat_lodging_Christine,C,62.557988,61.25082,1.2687047,15
Bear_public_Orville,D,39.007952,32.913308,3.1575056,15
Bear_education_Lidia,D,14.121977,9.4846543,1.7811467,14
Bear_education_Nanette,D,115.49364,106.23685,1.8749481,15
Bear_education_Lewis,A,26.175063,16.858243,1.8162927,14
Bear_science_Alison,B,105.03704,99.447292,1.0865957,15
Bear_education_Darrell,A,45.61304,23.572169,3.1073808,11
Bear_education_Thuy,D,247.50285,188.95107,1.9373765,14
Bear_lodging_Erick,C,48.512181,48.561043,1.0093807,21
Bear_education_Mara,B,514.15603,489.6297,1.0929259,14
Bear_education_Bulah,B,1342.2977,1310.903,1.1365721,14
Bear_lodging_Evan,D,178.78839,166.88671,1.7671505,13
Bear_education_Iris,A,51.24229,31.275503,1.8088588,13
Bear_education_Rebecca,B,793.85979,751.45347,1.1629705,14
Bear_education_Herb,A,14.441489,9.1936895,1.5533309,16
Bear_education_Tara,D,3.6420136,2.8028482,1.5680749,12
Bear_education_Augusta,A,132.46465,73.111295,1.9702418,13
Bear_education_Maryjane,C,335.85548,316.25168,1.2597303,15
Bear_education_Curtis,B,71.207511,63.25111,1.2333516,15
Bear_education_Arnold,C,0.55803139,0.49377752,1.016971,20
Bear_education_Chana,C,22.481792,18.660901,1.3620215,15
Bear_education_Sandy,B,6.933073,6.0301524,1.1221756,13
Bear_parking_Bridget,B,17.391898,14.752421,1.2165639,10
Bear_education_Holly,C,1.2853379,1.1558107,1.1270872,14
Bear_education_Gavin,B,91.860836,85.264538,1.1208984,14
Bear_education_Paola,A,168.52062,102.03922,1.7627112,14
Bear_education_Santos,A,10.146795,4.5393339,2.8875154,15
Bear_parking_Bruce,B,42.743168,40.718663,0.97078427,22
Bear_education_Deena,D,9.2630035,7.238601,1.6425295,13
Bear_education_Lorie,B,407.66409,384.32215,1.2460943,13
Bear_education_Merrill,D,23.429849,18.140894,1.7477416,15
Bear_education_Oscar,D,12.561986,9.5848244,1.7704548,15
Bear_assembly_Jose,D,266.70712,233.4683,1.6225269,13
Bear_education_Marta,D,46.292476,31.262981,2.7837582,14
Bear_lodging_Dannie,C,8.6190529,8.7149297,1.0002981,21
Bear_education_Danna,A,121.37949,57.321825,1.4979896,13
Bear_education_Destiny,D,132.0377,108.95736,1.9800966,12
Bear_education_Patricia,B,645.35621,600.19729,1.1748295,14
Bear_assembly_Danial,D,160.28973,161.56305,1.4813776,15
Bear_education_Lila,D,219.48102,202.0936,1.4824253,13
Bear_education_Zandra,B,991.06171,949.53778,1.0802661,15
Bear_education_Elise,D,143.48874,149.7674,1.8309672,14
Bear_education_Bob,A,143.0246,92.692324,1.8398532,14
Bear_education_Sharon,B,115.35488,104.42962,1.1964353,14
Bear_education_Yuri,A,21.407716,9.4769671,3.3859837,14
Bear_education_Wilton,B,1586.647,1514.2896,1.1502555,15
Bear_education_Fannie,B,435.70029,421.58812,1.1118597,15
Bear_education_Chad,B,1015.1782,961.46437,1.2139467,14
Bear_assembly_Genia,C,267.00525,246.17329,1.296832,20
Bear_education_Derek,B,187.49937,176.5322,1.1659402,14
Bear_education_Carlo,A,5.0587696,2.9206845,2.3140517,11
Bear_education_Pattie,B,177.3868,161.41519,1.1671956,14
Bear_science_Eleanor,D,37.604498,32.893482,1.5127951,15
Bear_public_Jocelyn,C,51.891295,40.599452,1.378563,14
Bear_assembly_Ruby,B,72.163749,62.327759,1.1798731,12
Bear_public_Arlean,C,152.17793,128.48396,1.3900945,14
Bear_education_Marsha,C,95.147975,70.282275,1.4193732,11
Bear_education_Chun,C,103.88075,93.250295,1.3691507,14
Bear_education_Clint,B,59.523059,49.914199,1.2447901,13
Bear_education_Owen,D,160.18834,125.39083,2.4268889,11
Bear_assembly_Harry,C,18.270279,16.30488,1.4817567,19
Bear_education_Herman,D,0.3138892,0.21231189,1.4667982,10
Bear_education_Deborah,A,1.6535236,0.97319583,1.2096674,11
Bear_education_Katy,D,133.34357,102.19265,1.6133597,14
Bear_education_Laurette,B,51.789962,48.860072,1.0929523,11
Bear_education_Leonel,A,139.66697,67.09419,4.2082782,14
Bear_education_Val,B,385.45252,347.12253,1.1778759,14
Bear_public_Lowell,C,213.30974,185.86245,1.3082762,14
Bear_education_Marie,A,27.279969,15.083086,2.0069007,13
Bear_education_Benjamin,C,1.2094867,1.132505,1.1920247,10
Bear_education_Austin,A,25.256975,10.87099,3.0257236,10
Bear_education_Bonita,A,0.21044446,0.13189466,1.7451964,9
Bear_education_Wm,C,53.431494,42.617097,1.4052505,11
Bear_education_Shelley,D,171.734,139.66108,1.8592139,13
Bear_assembly_Roxy,C,15.364642,17.286241,0.93074481,23
Bear_education_Alvaro,B,425.6756,404.37607,1.2437417,15
Bear_utility_Sidney,B,52.649464,51.276756,1.0674143,8
Bear_parking_Gordon,B,27.879778,27.472346,1.0088254,8
Bear_public_Valorie,D,205.76055,166.27347,1.9177981,15
Bear_education_Benita,B,524.99251,512.95513,1.1124809,14
Bear_assembly_Beatrice,C,44.059404,40.246564,1.3389911,19
Bear_assembly_Angel,D,512.14291,450.45896,1.7154588,13
Bear_education_Millie,B,3.4906056,3.2108097,0.93971084,3
Bear_assembly_Diana,D,0.91970964,0.70036408,1.6151154,10
Bear_education_Irene,C,95.305497,72.82212,1.0762386,14
Bear_education_Wade,A,60.097751,39.375369,1.3139355,11
Bear_education_Babara,B,376.26419,363.21521,1.1025207,15
Bear_education_Liliana,B,504.77287,468.02203,1.2457889,14
Bear_lodging_Esperanza,B,29.760732,29.363071,1.0848918,21
Bear_education_Alfredo,D,0.19726947,0.14124895,1.4755353,11
Bear_education_Yvette,D,11.947193,8.5887514,1.7642428,11
Bear_education_Lashanda,D,80.164099,58.385487,2.5835594,16
Bear_public_Rayna,A,125.23416,76.601965,3.0691016,14
Lamb_education_Daniel,A,9.0471379,4.7703454,2.4639719,12
Lamb_education_Gabriel,A,8.3451926,3.9268777,2.6189551,12
Lamb_education_Domitila,A,66.250254,30.752406,2.3010651,11
Lamb_education_Debby,A,11.024078,3.59836,3.9986566,13
Lamb_education_Ira,A,3.650024,1.3587579,2.4471931,9
Lamb_education_Luz,A,87.689148,49.205676,1.8070578,10
Lamb_education_Bert,A,7.6408971,2.9958279,2.8870042,12
Lamb_education_Nichol,A,1.8952571,0.63397656,3.4573889,13
Lamb_education_Traci,A,3.3604151,0.75893412,4.5721353,13
Lamb_health_Ken,A,18.521222,11.192395,1.821052,13
Lamb_education_Camille,A,44.986722,20.040221,2.4428997,11
Lamb_office_Caitlin,A,31.05334,9.0941619,3.4289567,9
Lamb_office_William,C,1.6579432,1.3100668,1.3124711,8
Lamb_office_Peggy,A,2.2231055,0.86326312,3.3177842,14
Lamb_education_Harold,A,5.1864583,2.1338544,2.3739597,9
Lamb_education_Renae,B,14.140436,14.080061,0.99645726,3
Lamb_public_Angeline,D,21.847933,20.374829,2.3528547,13
Lamb_office_Jo,C,1.2114684,1.019884,1.3038391,13
Lamb_education_Darrel,A,49.989463,20.977292,2.3998179,11
Lamb_office_Raymond,A,8.3164538,3.6263966,2.6605192,13
Lamb_assembly_Queen,D,1.2556675,1.1591932,1.6551581,15
Lamb_education_Felipe,A,31.72324,19.399683,1.8004501,11
Lamb_public_Gracie,D,3.2596597,2.3184216,2.4745128,11
Lamb_assembly_Elinor,C,22.039894,23.297125,0.82068674,6
Lamb_education_Rodrigo,A,40.29868,20.01586,1.9115888,11
Lamb_education_Chet,A,2.7621929,1.3893911,2.25674,12
Lamb_education_Emery,A,45.6638,23.222945,2.0743558,10
Lamb_education_Isabelle,A,13.677681,7.7300029,2.2944079,11
Lamb_other_Katharina,C,7.96526,12.591912,1.0726658,9
Lamb_education_Lawrence,A,8.7296215,3.6686256,2.4900835,11
Lamb_assembly_Corliss,D,9.8384118,6.9938027,5.0684355,13
Lamb_education_Randal,A,10.692387,3.7887822,3.3390935,9
Lamb_assembly_Nicole,A,1.9967062,0.86393991,2.755562,13
Lamb_office_Kerry,D,2.2810925,1.5533778,1.9040675,11
Lamb_industrial_Willard,C,1.9777765,1.9578927,1.0027972,12
Lamb_education_Faith,A,9.8701769,3.694389,3.2270471,13
Lamb_education_Robin,A,44.285647,23.287709,2.2762164,11
Lamb_education_Maritza,A,7.1227806,3.7340933,1.961904,9
Lamb_education_Hui,A,13.427048,4.4911465,3.2893406,11
Lamb_public_Grace,A,43.783316,25.343484,4.0757462,13
Lamb_education_Sara,A,38.026157,14.885502,2.9811063,10
Lamb_education_Aldo,A,2.2721806,0.67020825,4.3480196,16
Lamb_assembly_Tawana,C,4.634204,3.6219472,1.3090144,18
Lamb_assembly_Katelyn,C,29.226644,25.323259,2.7652767,20
Lamb_lodging_Harley,D,3.5664174,2.57017,1.7236032,13
Lamb_education_Maxwell,A,6.5784714,2.779459,2.3978694,11
Lamb_assembly_Dillon,C,21.408834,24.187971,0.85811028,22
Lamb_education_Sabrina,A,4.306509,1.3928855,4.1168371,12
Lamb_office_Donita,C,0.3502555,0.33181194,1.0612809,10
Lamb_education_Gabrielle,A,5.7825117,2.0719047,2.8868576,12
Lamb_education_Alina,A,6.8704723,2.6634828,2.5643283,9
Lamb_assembly_Theresa,A,3.3827546,1.6012592,2.4086399,10
Lamb_education_Mckenzie,A,44.914142,21.831082,2.1153995,10
Lamb_office_Maggie,A,3.0465741,1.1822732,3.6746196,14
Lamb_education_Stefan,A,8.9057606,3.0138259,3.2212885,11
Lamb_assembly_Dorathy,D,2.1217982,2.2523665,1.7033269,13
Lamb_education_Lemuel,A,9.7332326,5.1728089,1.9801152,10
Lamb_education_Sylvester,A,3.9096714,1.4030444,3.0694906,13
Lamb_education_Philomena,A,44.232104,22.382502,1.9190816,11
Lamb_education_Willetta,C,0.00039998401,0.06769377,0.84216781,22
Lamb_food_Sylvia,D,10.912681,10.148898,1.5123676,16
Lamb_office_Stefani,D,11.528427,8.0108251,1.9673424,12
Lamb_assembly_Alden,C,1.2864501,1.1250733,1.1404634,17
Lamb_education_Lucas,A,5.4441102,2.3411199,3.0087319,12
Lamb_public_Vania,C,18.840867,14.405119,1.1626359,9
Lamb_education_Lazaro,A,23.795787,9.5654643,2.7525631,12
Lamb_assembly_Isa,A,2.025558,1.1711917,1.831569,14
Lamb_industrial_Enrique,C,51.669244,52.140553,1.1510074,21
Lamb_education_Rick,A,7.0984574,2.4418577,3.8881168,10
Lamb_assembly_Ethel,D,38.912742,29.494119,1.7199209,11
Lamb_office_Corine,D,0.37567736,0.38440079,1.5360459,13
Lamb_warehouse_Allan,C,14.663039,10.955523,1.4133306,9
Lamb_industrial_Carla,A,154.0975,62.668705,1.2803312,8
Lamb_assembly_Dorothy,D,39.754263,36.631839,2.0449242,13
Lamb_education_Jane,A,11.822305,5.1141706,2.5764177,11
Lamb_education_Norris,A,12.044739,4.0966869,3.2922433,12
Lamb_office_Bertha,A,55.869506,32.90539,1.8242742,10
Lamb_education_Leopoldo,A,8.4716898,2.7024572,3.2015727,12
Lamb_education_Kayla,A,9.6110705,4.3125904,2.7650964,11
Lamb_education_Eula,A,1.9339208,0.76941016,3.2127023,12
Lamb_assembly_Jerry,A,2.8677901,0.8646807,3.5520802,12
Lamb_education_Williams,A,31.941961,12.559581,3.5512201,11
Lamb_assembly_Zita,C,0.43595546,0.39129877,1.2019965,13
Lamb_education_Patsy,A,6.4375132,2.9851472,2.4699627,12
Lamb_assembly_Cesar,A,11.927328,5.8922978,2.5101372,10
Lamb_education_Princess,A,8.0269806,3.1295184,2.5919531,12
Lamb_education_Kasha,A,7.1568637,2.2074275,6.0438661,9
Lamb_education_Bettye,A,10.618112,4.1598419,3.2067294,13
Lamb_assembly_Cherie,D,58.64498,46.252586,2.6270831,11
Lamb_public_Nyla,D,3.9670247,3.0933718,3.3585365,17
Lamb_education_Manuel,A,9.988848,6.0029186,4.0677978,11
Lamb_education_Heidi,A,9.1040005,3.8130633,3.0873175,11
Lamb_education_Nathan,A,5.2897567,1.9045417,3.319411,12
Lamb_office_Gerardo,A,10.517586,4.3424876,2.3430008,12
Lamb_education_Dwayne,A,7.163222,3.3278648,2.5001976,13
Lamb_office_Joanna,B,1.4656488,1.4400922,1.0745159,11
Lamb_education_Augustine,A,6.775118,2.274361,3.7581562,10
Lamb_education_Dolly,A,5.8724159,1.792804,4.0761411,13
Lamb_education_Phil,A,3.9977589,1.6690138,3.1950579,11
Lamb_assembly_Bertie,D,74.700888,71.776722,3.0630051,15
Lamb_education_Felicia,A,5.4401658,2.5428565,2.2467413,11
Lamb_education_Mae,A,59.166457,32.337241,1.9234726,10
Lamb_education_Junior,A,51.518943,26.63784,2.141186,11
Lamb_education_Ruben,A,6.6904887,2.8628367,2.7565442,13
Lamb_education_Armando,A,48.852628,20.412061,2.2406044,11
Lamb_education_Hilary,A,4.704488,1.7744931,2.9041443,10
Lamb_assembly_Eugenia,A,7.3965134,4.0625668,2.2749069,15
Lamb_education_Marc,C,12.153918,6.3142057,0.57818602,1
Lamb_education_Marty,A,6.1822663,1.6034659,4.3025715,12
Lamb_assembly_Dudley,C,22.457898,21.158091,1.0212507,19
Lamb_assembly_Kurt,A,1.7348626,1.1103691,2.0726961,9
Lamb_education_Larissa,A,8.141618,2.8350735,2.7855683,12
Lamb_education_Hillary,A,5.8136503,1.8652871,2.6353968,13
Lamb_education_Carlton,A,14.518808,6.079924,2.8595957,12
Lamb_public_Bradly,A,13.23619,8.6139865,2.764027,15
Lamb_education_Wilbert,A,9.7173947,2.3079488,4.6784741,11
Lamb_education_Sunny,A,7.8127104,2.8216512,3.5948043,13
Lamb_office_Vasiliki,A,338.5569,215.72257,1.8028722,11
Lamb_assembly_Librada,D,37.059458,16.927508,3.1890939,20
Lamb_office_Kent,C,0.45832832,0.34993584,1.0773333,19
Lamb_assembly_Delilah,D,7.0298204,5.0342349,5.5483377,11
Lamb_office_Callie,C,3.4792203,3.1495487,1.3781724,10
Lamb_education_Salvador,A,8.4252256,3.1443874,3.2850401,13
Lamb_assembly_Steven,A,4.1206231,2.2385264,2.5567677,11
Lamb_industrial_Venessa,C,6.3684223,6.2677113,1.3431327,9
Lamb_lodging_Burt,A,2.3317069,1.3770891,1.867818,11
Lamb_education_Fred,A,10.381377,4.9372876,2.5628398,12
Lamb_education_Moses,A,8.3699724,3.3707812,2.8803609,12
Lamb_education_Terina,A,93.408625,58.1407,1.7991212,11
Lamb_education_Emilie,A,5.9991669,2.2180788,2.7491662,13
Lamb_education_Garry,A,8.436213,2.9981234,3.2680727,12
Lamb_assembly_Walter,D,3.4024314,1.2397083,2.3559501,7
Lamb_education_Logan,D,3.7339433,3.4492554,4.0703249,11
Lamb_education_Freddy,A,3.2002321,1.512451,2.636146,13
Lamb_education_Vaughn,A,7.6341417,2.894672,3.0806553,9
Lamb_education_Wanda,A,4.2751191,1.7856891,2.7798699,13
Lamb_education_Hellen,A,4.2886488,1.7143232,3.0784248,11
Lamb_assembly_Tasha,C,9.2427629,8.8521265,1.0584205,13
Lamb_education_Ellen,A,6.071215,2.8852964,2.5765068,12
Lamb_education_Antonio,A,45.81445,21.622972,2.2945704,11
Lamb_other_Minerva,D,9.291483,8.1359579,1.8564813,11
Lamb_assembly_Louis,C,17.558498,13.515355,1.2359376,7
Lamb_assembly_Ossie,A,4.2799244,2.2225773,2.8930967,11
Lamb_assembly_Rosa,D,97.024653,145.58435,17.551218,14
Lamb_education_Hubert,C,8.3141222,4.5956137,1.2426684,23
Lamb_office_Velma,D,98.717913,72.285758,1.7574882,11
Peacock_office_Elton,B,163.5779,145.31769,1.1954281,14
Peacock_assembly_Mamie,C,139.28982,127.15605,1.4418554,19
Peacock_lodging_Sergio,B,95.445348,98.119986,1.2078166,19
Peacock_education_Weldon,B,673.68788,622.67117,1.1576672,15
Peacock_education_Bianca,B,177.13649,156.28746,1.1439337,10
Peacock_lodging_Chloe,C,31.8741,32.598176,1.169956,22
Peacock_education_Karyn,B,475.59486,463.03029,1.0480381,14
Peacock_lodging_Lou,B,119.09444,114.61096,1.129249,20
Peacock_education_Patience,D,29.762759,21.159564,1.5825233,14
Peacock_office_Major,B,208.81592,193.24314,1.1544205,9
Peacock_education_Karl,C,82.564509,72.334904,1.3187975,15
Peacock_office_Burl,B,61.866637,55.861327,1.09516,14
Peacock_education_Lyle,C,700.13776,589.46998,1.4218513,13
Peacock_office_Dara,D,165.7189,154.72952,2.4285931,14
Peacock_office_Julian,D,27.121945,18.898669,1.9968231,13
Peacock_education_Anita,D,12.733853,8.6985276,1.66874,21
Peacock_office_Norman,C,38.797983,30.4444,1.3348208,14
Peacock_office_Naomi,D,171.89598,166.09507,1.758887,12
Peacock_lodging_Nova,C,18.830924,19.46158,1.1370847,22
Peacock_education_Robbie,D,46.383355,37.78934,1.4894722,11
Peacock_lodging_Terrie,B,40.074985,40.592259,1.0544686,22
Peacock_education_Pasquale,B,188.92741,179.33036,1.0792155,11
Peacock_education_Joshua,B,473.40507,443.49148,1.0832258,15
Peacock_lodging_Mathew,B,54.38685,55.27546,1.0363198,22
Peacock_assembly_Socorro,D,23.397908,18.625641,1.6863132,15
Peacock_public_Linda,B,30.991115,31.081638,0.91476449,21
Peacock_education_Dustin,D,47.811977,41.662454,1.6609741,11
Peacock_assembly_Dena,D,249.98239,215.12536,1.6428965,14
Peacock_education_Forest,D,90.294946,84.152316,1.4441053,13
Peacock_education_Gilberto,B,1048.0539,977.4412,1.1579656,15
Peacock_office_Jonathon,C,37.989564,28.631735,1.348524,14
Peacock_education_Shelly,B,115.51155,108.91437,1.1011607,14
Peacock_lodging_Francesca,B,38.533921,38.87022,1.0938,22
Peacock_office_Glenn,D,72.977568,50.944272,2.1748138,13
Peacock_lodging_Jamaal,C,218.45517,210.53177,1.3926866,18
Peacock_public_Kelvin,D,297.33493,253.0077,1.6018869,11
Peacock_education_Ophelia,B,707.18785,680.14432,1.0685219,14
Peacock_office_Effie,D,94.027966,71.858181,1.7651192,11
Peacock_office_Annie,A,85.216289,55.175494,1.5798902,9
Peacock_lodging_Matthew,B,59.386176,60.064454,1.0026515,22
Peacock_assembly_Russ,B,140.47088,134.48813,1.1615001,18
Peacock_education_Yolanda,D,39.074,33.599562,1.4843977,13
Peacock_education_Lucie,B,887.19554,832.60467,1.1148922,14
Peacock_lodging_James,B,60.00508,60.867243,1.096378,22
Peacock_lodging_Wes,C,162.04744,161.22203,1.2774313,13
Moose_education_Maria,B,784.41278,694.21529,1.1358692,11
Moose_education_Florence,A,376.90114,190.80654,1.6870966,11
Moose_education_Marlon,A,206.16438,132.37666,1.4217081,12
Moose_education_Diane,B,1525.8157,1405.5766,1.0478595,10
Moose_education_Marina,C,43.362395,33.209603,1.2782779,11
Moose_education_Rene,A,579.86042,238.71135,2.0537961,11
Moose_education_Lori,B,200.32639,201.10911,0.94970459,6
Moose_education_Leland,A,1485.5855,965.26899,1.4133182,14
Moose_education_Clark,D,922.64683,652.73415,1.4822601,11
Moose_education_Abbie,B,1323.1696,1064.3311,1.2007607,11
Moose_education_Gladys,C,1211.1481,886.3621,1.3874647,11
Moose_education_Sasha,C,2.4151677,2.5436497,0.67493243,22
Moose_education_Ricardo,B,325.27297,268.24869,1.1940596,11
Gator_public_Nettie,B,15.539075,16.031157,0.99997822,2
Gator_assembly_Selma,C,1.6550767,1.2681945,0.99995159,2
Gator_public_Marcie,C,93.255312,94.426743,1.0000037,0
Gator_assembly_Beryl,C,1.2084969,1.1254771,1.0000552,0
Gator_public_Lindsey,C,26.598488,26.550312,1.0000124,8
Gator_public_Clara,C,12.421917,10.760155,0.99982654,2
Gator_public_Marissa,B,14.095949,14.345977,0.9999877,2
Gator_public_Maude,B,103.57004,102.89188,0.9999505,2
Gator_assembly_Erich,B,21.054724,19.800918,1.1099266,14
Gator_assembly_Marjorie,C,46.980906,54.013756,0.99986712,2
Gator_public_Kenny,C,92.944902,81.96175,1.0000459,8
Gator_other_Reginald,C,55.581232,52.885526,0.99989817,2
Gator_assembly_Loyce,B,20.863462,21.155803,0.99998375,2
Gator_assembly_Blanca,C,710.16584,770.93359,0.99975087,2
Gator_office_Carrie,B,959.47705,937.40151,0.99978228,2
Gator_assembly_Maurine,C,14.256988,6.8518413,0.99967805,2
Gator_public_Latasha,B,19.087343,19.727176,0.99993129,2
Gator_other_Cassandra,C,24.229557,22.897716,0.99990585,2
Gator_public_Dewey,B,6.2985255,6.5309443,1.0000217,0
Gator_assembly_Stacy,C,0.25715575,0.28725385,1,8
Gator_assembly_Lucia,C,5.5049403,6.5595865,1.0001069,0
Gator_assembly_Joni,C,4.2825365,3.82289,0.99990319,2
Gator_public_Cheri,C,17.27601,17.734215,0.99997735,2
Gator_public_Everette,C,101.7948,101.55432,0.99965174,2
Gator_other_Glen,C,2.9443311,2.9221495,1,0
Gator_public_Beulah,C,7.45634,7.6689958,0.99999202,2
Gator_assembly_Virgie,B,0.38635391,0.4046617,0.99970552,2
Gator_public_Geraldine,B,20.895917,21.505771,0.99998899,2
Gator_public_Jayme,B,96.514497,97.439631,1.0000116,8
Gator_office_August,C,59.907101,55.283148,1,0
Gator_assembly_Lera,C,0.49006263,0.50838598,0.99966675,2
Gator_assembly_Daisy,C,2.8490996,2.824651,1,0
Gator_public_Erika,B,6.4163201,6.5378759,0.99999091,2
Gator_assembly_Elliot,B,,0.3333,1,0
Gator_assembly_Roy,C,6.8287463,10.094419,1,0
Gator_public_Noe,C,56.456352,56.49447,1.0000004,8
Gator_public_Leroy,C,21.095286,21.042912,0.99988726,2
Gator_other_Minda,C,6.2285303,4.5241681,0.99973211,2
Gator_other_Elfriede,C,49.682467,49.516014,0.9999228,2
Gator_public_Natasha,C,137.64686,92.088029,0.99988588,2
Gator_public_Philip,C,2.603905,2.6246997,1.000007,16
Gator_assembly_Lelia,C,3.599727,3.3013972,0.99992526,2
Gator_office_Lisa,B,184.351,189.69432,1.0000368,0
Gator_office_Merle,C,1.3098712,1.25006,0.99991011,2
Gator_office_Betty,C,31.544858,28.54596,0.99988102,2
Gator_office_Hunter,B,39.747512,37.972391,0.99989663,2
Gator_assembly_Kimberly,C,1412.0862,1518.4066,0.99995698,2
Gator_public_Tiffany,B,14.436245,14.877757,1.0000115,0
Gator_public_Alexandra,C,23.955815,23.018871,0.99999444,2
Gator_assembly_Regina,C,17.816963,18.854958,0.99986,2
Gator_public_Dionna,B,17.71677,18.152274,1.0000525,8
Gator_other_Russel,B,10.559859,10.503093,1,0
Gator_office_Julie,C,8.1496902,7.4279804,0.99988416,2
Gator_public_Randall,C,60.243386,61.292605,0.99996138,2
Gator_other_Samuel,A,8.5196988,2.2804817,1.6936109,12
Gator_public_Lona,C,1.5419323,1.4068574,0.99974357,2
Gator_assembly_Milton,C,0.67056158,0.90560295,1.0021994,0
Gator_assembly_Kayleigh,C,7.7067578,6.0561656,0.99975195,2
Gator_assembly_Enid,C,7.7908419,8.0443538,0.99964788,2
Gator_assembly_Bailey,C,0.96008319,0.95643985,0.99976894,2
Gator_office_Lucy,C,216.20561,212.70821,1.0003356,0
Gator_assembly_Alexa,C,0.33321339,0.34621516,0.99994643,2
Gator_assembly_Hue,A,5.7323657,3.6165226,1.1489523,16
Gator_public_Jolene,C,6.2397395,6.7839519,1,0
Gator_other_Gertrude,C,2.3796297,2.31569,0.99995341,2
Gator_public_Ross,C,8.2761301,8.4713079,0.99996442,2
Gator_warehouse_Constance,C,15.229334,12.39425,0.99980731,2
Gator_public_Kendall,B,16.842524,16.830482,0.99998123,2
Gator_assembly_Lilli,C,2.5281476,2.723306,1.0000849,0
Gator_public_Dale,C,41.784606,42.454037,1.0000674,16
Gator_public_Janna,B,92.941805,95.882855,1.0000056,8
Gator_warehouse_Stacie,C,19.691615,19.533989,0.99991406,2
Gator_other_Refugio,C,0.27498157,0.2650922,0.99995687,2
Gator_assembly_Gene,C,23.062326,21.972498,1.0000015,0
Bull_office_Anne,B,21.594151,18.618921,1.090235,14
Bull_education_Magaret,D,77.37433,57.620351,1.6204219,15
Bull_office_Myron,D,66.036947,58.027961,1.7142258,14
Bull_education_Myra,D,50.952396,41.038572,1.7457963,15
Bull_education_Dakota,D,61.058128,41.396199,2.1934911,14
Bull_education_Dan,B,182.92784,162.14712,1.1859319,15
Bull_lodging_Anibal,B,24.057529,24.238999,0.9848947,23
Bull_education_Luke,C,317.11197,257.96812,1.3541249,13
Bull_lodging_Melissa,B,255.24337,243.9762,1.1257982,22
Bull_education_Delia,C,864.71425,811.76766,1.1193163,1
Bull_education_Bryon,D,37.81489,29.428382,1.5992285,15
Bull_education_Juan,D,232.71586,184.04274,1.6032328,15
Bull_office_Ella,C,74.803696,68.952755,0.88603388,1
Bull_lodging_Charlotte,C,10.665773,10.518635,1.1285961,18
Bull_education_Clarita,B,353.11363,320.04039,1.1763009,16
Bull_lodging_Caren,B,142.23894,141.79832,1.0262117,23
Bull_education_Kristal,B,417.69572,383.59144,1.1554205,15
Bull_education_Clarice,B,32.622935,29.219044,1.1380729,15
Bull_assembly_Amalia,B,583.96446,516.20351,1.2243419,13
Bull_education_Arthur,B,413.31546,387.77207,1.2460488,15
Bull_assembly_Lesa,D,11.044838,9.8714753,1.6906201,16
Bull_education_Roland,D,242.10722,212.67131,1.6334313,15
Bull_education_Joseph,D,127.5047,103.19385,1.564428,13
Bull_office_Lilla,C,480.15235,433.64208,1.3260618,13
Bull_education_Summer,C,33.355432,26.153038,1.3208903,15
Bull_assembly_Newton,C,4.130778,3.3313336,1.4058895,16
Bull_services_Juanita,C,127.64572,125.96894,0.76990436,22
Bull_education_Shona,B,191.63439,187.71451,1.0122256,10
Bull_lodging_Allen,C,9.4114008,9.2459338,1.2069725,18
Bull_office_Efren,A,57.653401,35.17398,1.9425769,12
Bull_lodging_Lettie,B,34.749817,33.552309,0.94998798,23
Bull_lodging_Travis,C,849.97968,842.1645,1.0090267,1
Bull_lodging_Danielle,C,28.485124,28.70342,0.95483292,1
Bull_public_Jefferson,D,41.454361,31.38302,1.4590599,15
Bull_education_Barry,B,1008.5306,975.7626,1.0750737,15
Bull_lodging_Leonard,B,34.271325,34.593175,1.0671712,23
Bull_education_Dania,C,43.332847,35.53065,1.3070805,14
Bull_education_Reynaldo,C,33.917409,28.681586,1.422849,16
Bull_education_Reina,C,84.204529,70.0802,1.3484221,12
Bull_assembly_Freddie,C,233.73866,200.89181,1.4269091,15
Bull_education_Genie,D,132.37109,106.50828,1.5725537,13
Bull_education_Tracey,D,203.43962,153.49612,1.559323,13
Bull_education_Lydia,C,109.26941,95.322194,1.2264176,14
Bull_education_Mario,D,112.05675,82.675215,1.7654067,13
Bull_public_Hyun,B,460.02792,410.84226,1.1249899,15
Bull_assembly_Brandon,B,78.165978,74.196159,1.1615657,17
Bull_lodging_Dave,B,334.49229,310.95535,1.2467221,13
Bull_education_Linnie,D,213.06726,150.19238,1.6140039,13
Bull_assembly_Dorethea,C,20.169292,18.068962,1.2452177,10
Bull_services_Winford,C,47.691709,46.939109,0.71025358,23
Bull_education_Miranda,B,171.01697,157.5188,1.1735745,14
Bull_education_Roseann,B,254.85673,242.64375,1.1352159,10
Bull_lodging_Carie,B,55.065823,55.579689,1.0056327,23
Bull_lodging_Graciela,C,12.166981,12.021821,0.76634609,0
Bull_education_Racheal,C,611.50146,516.86494,1.2793897,15
Bull_lodging_Xavier,C,9.3400032,9.3359706,1.176546,18
Bull_education_Geneva,C,31.993066,27.274453,1.4195518,16
Bull_assembly_Goldie,C,62.941167,46.936964,1.3958424,13
Bull_education_Krista,D,300.53278,253.49785,1.641855,15
Bull_assembly_Gerri,D,157.07742,132.29557,1.945674,17
Bull_education_Patrina,D,19.039776,16.585206,1.5522375,15
Bull_education_Lyn,C,26.536266,22.736923,1.4264741,22
Bull_lodging_Abby,B,13.25071,13.539385,1.0317448,23
Bull_office_Mai,C,6.206886,6.182339,0.91979322,5
Bull_office_Claudia,B,34.087707,31.593277,0.9739787,7
Bull_services_Jeanmarie,B,46.436754,41.851321,1.0568141,10
Bull_assembly_Gigi,C,371.69252,339.29517,1.3476224,19
Bull_office_Rob,D,297.75345,219.39321,1.54803,14
Bull_services_Rachelle,B,108.29087,97.071005,1.1553899,16
Bull_education_Jeffery,C,561.57847,555.98937,0.9517135,1
Bull_education_Dora,D,122.2426,95.580107,1.9004917,12
Bull_education_Jae,B,540.41089,510.37372,1.0894923,15
Bull_education_Hayley,C,174.64622,156.74234,1.2638437,15
Bull_assembly_Beau,C,522.41466,530.74796,1.2964526,15
Bull_education_Pablo,D,41.36599,30.536984,1.8549121,14
Bull_education_Pamela,D,186.65957,156.13139,1.5314576,13
Bull_office_Trevor,C,55.531046,43.701271,1.3111155,14
Bull_assembly_Katia,C,126.52375,132.44145,1.1112298,19
Bull_education_Antonia,B,491.75647,459.5794,1.1569582,13
Bull_office_Debbie,D,32.593722,21.886289,1.8391255,14
Bull_office_Chantel,B,150.39374,136.14839,1.2276267,13
Bull_education_Venita,C,40.149651,33.302615,1.3823185,15
Bull_education_Brain,B,386.65872,347.04036,1.1523571,15
Bull_education_Fabiola,D,198.51992,155.28361,1.6064905,14
Bull_education_Sebastian,D,41.395147,31.155701,1.6871045,12
Bull_education_Olive,D,72.918,53.78065,1.7331466,15
Bull_office_Sally,D,98.26285,73.319235,1.6222429,12
Bull_education_Matilda,C,98.036953,88.959036,1.2272466,1
Bull_education_Elva,B,61.070683,53.99765,1.2362431,13
Bull_education_Carl,B,642.32882,597.94872,1.1088839,15
Bull_education_Nichole,C,214.0761,164.67808,1.4043253,13
Bull_lodging_Jeremiah,C,62.749006,50.175725,1.4007705,13
Bull_assembly_Lance,C,458.34831,435.47724,1.0893015,1
Bull_education_Annette,C,139.63691,129.59224,1.0846238,1
Bull_education_Violeta,D,149.95983,104.5694,1.5043381,12
Bull_education_Stewart,B,129.38264,116.8819,1.1779996,15
Bull_assembly_Nathanial,C,224.12972,199.18909,1.3682798,15
Bull_lodging_Terence,C,25.906837,26.2287,0.84536247,1
Bull_lodging_Perry,B,52.865344,53.142726,0.99173144,23
Bull_assembly_Nick,B,954.87595,936.15577,1.2216431,11
Bull_lodging_Elena,B,6.3941301,6.5699326,1.0018637,23
Bull_education_Brady,A,37.775285,23.444115,2.078124,12
Bull_education_Nolan,C,69.568572,59.616673,1.3132814,14
Bull_education_Mervin,B,191.13957,176.11688,1.2316022,15
Bull_education_Lenny,C,37.203475,31.956162,1.32442,13
Bull_assembly_Vanessa,C,138.62018,127.0188,1.4099886,14
Bull_services_Nadine,B,120.3278,118.45321,0.86021651,21
Bull_education_Dottie,C,1404.1201,1310.5829,1.1097645,1
Bull_education_Nina,B,258.41741,230.8459,1.1668294,13
Bull_assembly_Daryl,C,38.446138,36.816522,0.82863642,7
Bull_education_Gregory,D,79.995536,55.023805,1.4685138,13
Bull_office_Ivette,C,25.279935,20.2922,1.3089126,17
Bull_education_Kendra,D,494.04221,402.74764,1.4679729,13
Bull_office_Nicolas,C,21.237427,18.082164,0.71787978,0
Bull_lodging_Hugo,C,72.022626,72.954982,1.0014142,1
Bull_office_Yvonne,D,177.54477,135.65754,1.5590761,13
Bull_education_Brandi,D,30.745444,20.529117,1.6756313,12
Bull_education_Brenda,B,152.4924,132.79329,1.2218493,15
Bull_office_Hilton,B,6.7447853,6.0338633,1.1287244,11
Bull_education_Bernice,C,323.91566,307.82908,1.0368591,1
Bull_assembly_Maren,C,320.37171,303.44462,1.0263846,1
Bull_education_Miquel,D,271.34842,224.35932,1.5564641,14
Bull_office_Marco,D,56.640997,49.338377,1.5100615,15
Bobcat_office_Nikita,A,42.907311,28.343922,1.4939845,15
Bobcat_education_Toni,D,29.029732,22.864873,1.6958482,11
Bobcat_office_Kassandra,A,60.84219,34.253844,1.7160867,9
Bobcat_office_Melody,B,51.858088,45.93713,1.1423079,14
Bobcat_assembly_Camilla,B,19.865989,19.452854,1.1194228,18
Bobcat_lodging_Nickolas,B,47.506021,46.808865,1.0534274,21
Bobcat_education_Seth,B,410.59657,367.56198,1.1178049,10
Bobcat_education_Hollis,B,156.03235,131.8145,1.2339525,11
Bobcat_lodging_Melaine,B,43.04167,41.461691,1.100945,20
Bobcat_assembly_Franklin,D,163.99909,141.30517,1.8795714,13
Bobcat_education_Coleman,D,134.23966,90.603332,1.7268015,11
Bobcat_assembly_Billy,D,145.04353,111.77309,1.4822395,11
Bobcat_lodging_Darin,C,131.91588,129.07245,1.2649055,18
Bobcat_education_Jayne,A,70.360826,34.245855,2.0113883,10
Bobcat_education_Karin,D,48.043713,32.634107,1.4709287,11
Bobcat_education_Rosalva,D,86.057282,62.413692,1.6158246,10
Bobcat_education_Rodrick,D,65.554975,52.500108,1.6139501,10
Bobcat_public_Angie,D,290.40798,221.09332,1.6840794,13
Bobcat_education_Emile,C,12.996179,11.737768,1.1383368,6
Bobcat_other_Jovita,D,33.858159,27.804017,1.5164343,15
Bobcat_office_Justine,C,20.657549,17.685146,1.0083291,7
Bobcat_education_Miki,C,70.356959,60.363146,1.4013341,14
Bobcat_education_Alissa,D,66.801095,44.651305,1.5868082,11
Bobcat_education_Monte,A,24.753547,13.303436,1.9188172,11
Bobcat_education_Barbra,C,68.559684,69.833325,0.79115463,6
Bobcat_science_Tammy,D,82.477444,55.23792,1.6233292,11
Bobcat_office_Alma,C,4.6717715,3.761865,1.3751488,16
Bobcat_education_Marisha,C,70.552607,53.239113,1.3370659,12
Bobcat_assembly_Adam,B,73.077307,64.440134,1.2402255,19
Bobcat_warehouse_Charlie,B,9.7914571,7.6333333,0.88147218,5
Bobcat_education_Dylan,D,145.34529,110.33297,1.4926237,11
Bobcat_education_Whitney,D,399.55768,267.71736,1.6572967,11
Bobcat_other_Howard,C,53.04362,49.429873,1.1148739,6
Bobcat_other_Timothy,C,20.229674,17.728194,0.71120066,7
Bobcat_education_Angela,C,88.814352,76.798419,1.3159085,11
Crow_education_Omer,D,360.26103,280.43125,1.9078405,13
Crow_education_Keisha,C,304.77702,273.24124,1.3944214,14
Crow_education_Kate,D,77.887384,65.428587,1.5505776,13
Crow_education_Winston,C,327.11076,287.25838,1.266818,13
Crow_education_Marlin,C,229.21471,199.79436,1.4203377,15
Shrew_office_Sherill,A,343.57533,213.06265,1.598157,13
Shrew_office_Rose,D,11.254305,8.9420207,1.6190941,15
Shrew_office_Nora,D,194.95102,138.226,1.8924475,13
Shrew_office_Katherine,C,59.908109,45.833594,1.2611555,8
Shrew_office_Ila,C,160.95246,118.52039,1.390666,11
Shrew_office_Doug,C,80.787408,62.685119,1.3449309,14
Shrew_office_Doris,D,214.19241,151.03173,1.4380562,13
Shrew_office_Lin,C,404.78974,303.78034,1.4234861,13
Shrew_office_Kenneth,C,31.059353,22.415699,1.2898158,11
Swan_unknown_Rocco,C,387.00133,371.69948,1.0628981,16
Swan_unknown_Bette,A,41.172756,26.020314,1.4652516,11
Swan_unknown_Allison,A,8.9110234,4.7709647,2.1334883,12
Swan_unknown_Christoper,D,32.198049,22.592617,1.6678429,11
Swan_unknown_Jerold,C,293.14336,272.11741,1.1038612,8
Swan_unknown_Valeria,B,58.647457,53.573506,1.1103589,10
Swan_unknown_Isaiah,A,126.94066,70.846736,1.9963286,10
Swan_unknown_Esteban,C,128.40018,88.302671,1.2670244,12
Swan_unknown_Wendy,D,76.880082,66.637559,2.2320323,17
Swan_unknown_Douglas,B,268.76772,240.58952,1.2373073,17
Swan_unknown_Rudy,C,225.56037,213.32426,1.0736348,16
Swan_unknown_Noelia,D,20.593938,14.473214,2.1653827,15
Swan_unknown_Raquel,C,143.88155,120.72193,1.3429589,10
Swan_unknown_Tom,A,43.616962,19.834694,2.0927974,15
Swan_unknown_Ike,A,43.42802,20.154945,1.9262938,15
Swan_unknown_Reyna,A,95.33653,58.666933,1.8388165,15
Swan_unknown_Andres,D,136.74374,129.52865,1.5803736,15
Swan_unknown_Fabian,D,35.423425,27.909785,1.4960436,15
Swan_unknown_Jan,B,334.85475,297.9841,1.1263693,17
Wolf_assembly_Sallie,D,272.31314,242.17003,1.7896613,13
Wolf_education_Cody,D,26.614106,18.723597,2.5852232,10
Wolf_office_Darleen,D,46.645553,35.013892,1.8496611,12
Wolf_education_Roderick,C,5.4348018,4.3611972,0.72813252,22
Wolf_education_Anisa,D,255.33586,199.63346,1.6117292,9
Wolf_education_Dolores,D,38.67196,28.180096,2.2908507,10
Wolf_retail_Toshia,A,78.774312,51.620869,2.7634589,11
Wolf_education_Katie,D,28.488881,22.190552,1.7662264,11
Wolf_public_Norma,D,156.90425,121.15011,2.1919783,13
Wolf_education_Miguel,D,38.153535,27.563067,1.7904198,10
Wolf_education_Tammie,D,86.040026,75.217568,1.5400558,14
Wolf_office_Rochelle,D,17.671457,12.209386,2.1976777,11
Wolf_education_Laurinda,D,234.39674,174.35787,2.0648356,10
Wolf_education_Vivian,D,78.128072,54.467549,1.9717487,11
Wolf_office_Cary,D,257.9554,212.02104,1.6268225,12
Wolf_office_Joana,C,15.741474,12.538846,1.0564401,11
Wolf_office_Emanuel,C,16.241656,12.225243,1.4049547,10
Wolf_education_Dorris,C,329.33684,293.28849,1.3751443,15
Wolf_office_Bobbie,D,29.12526,21.867093,1.7403279,11
Wolf_education_Cheryl,D,141.27334,106.13151,1.9722748,12
Wolf_education_Arnulfo,D,38.898077,28.976198,1.6394882,12
Wolf_education_Clarissa,D,54.838514,47.443071,1.4329917,14
Wolf_office_Nadia,D,78.295319,64.32335,1.513831,12
Wolf_education_Loren,D,245.28055,195.734,1.6042978,11
Wolf_science_Alfreda,B,82.696187,78.244794,1.1261898,12
Wolf_office_Elisabeth,B,137.03746,131.208,1.1318959,13
Wolf_education_Joaquin,B,72.822179,68.230393,1.1577307,15
Wolf_education_Tori,D,396.15676,329.62234,1.5664534,12
Wolf_assembly_Elaine,D,40.272162,32.005099,1.8396592,20
Wolf_education_Ursula,D,150.26938,118.75749,1.6646274,13
Wolf_education_Bobby,D,106.63025,80.437023,1.7992683,10
Wolf_retail_Marcella,D,7.6069042,5.5092107,1.6160984,16
Wolf_education_Josefa,A,8.8249388,5.7469618,2.3953653,9
Wolf_retail_Harriett,D,47.235971,39.311978,1.8469779,13
Wolf_education_Eulalia,D,75.811802,53.59113,2.9614924,11
Wolf_office_Haydee,D,9.5036941,6.4652277,2.2227889,13
Hog_education_Hallie,B,67.02038,61.467969,1.1373772,14
Hog_education_Wayne,C,175.84045,138.24012,1.3747488,13
Hog_other_Noma,B,26.165728,25.703491,1.0407617,11
Hog_office_Mari,D,58.815479,41.820891,2.4496553,15
Hog_services_Adrianna,C,250.12909,247.54278,1.0029554,9
Hog_office_Carri,D,37.606633,28.28661,1.4939141,13
Hog_lodging_Shanti,C,270.96805,252.6654,1.2600321,18
Hog_education_Jordan,D,110.17253,98.091202,2.0892373,16
Hog_office_Bryan,D,108.70712,73.655713,1.6047388,12
Hog_warehouse_Louise,A,13.978005,6.5702381,3.0311532,14
Hog_office_Judith,B,328.24007,302.40132,1.1273891,14
Hog_other_Tobias,C,37.871791,36.577773,1.0299071,18
Hog_parking_Antoinette,C,19.552267,16.914683,1.2641497,14
Hog_office_Lavon,D,294.68388,203.66078,1.6895317,17
Hog_education_Darryl,C,7.6025407,6.4100469,1.422971,16
Hog_office_Alisha,B,12.436163,12.136356,1.1178031,11
Hog_office_Almeda,A,68.337953,44.213025,1.7181293,11
Hog_office_Cornell,D,1497.8422,1309.6589,1.4479049,15
Hog_office_Sonny,C,253.68194,231.2609,1.2591726,17
Hog_office_Roger,B,264.93788,249.3701,1.1045261,15
Hog_office_Merilyn,B,31.31246,27.44937,1.1345817,12
Hog_office_Elizbeth,C,144.14644,123.68401,1.2523031,14
Hog_office_Marlena,A,103.26896,30.05539,3.9782815,12
Hog_assembly_Marilynn,D,,,,
Hog_education_Donnie,D,85.641003,81.698678,4.5085717,17
Hog_office_Shawnna,D,444.64741,338.08369,1.9522809,14
Hog_office_Valda,A,33.238762,18.552914,2.1636681,12
Hog_office_Candi,C,328.84465,261.5058,1.4029857,12
Hog_office_Corey,A,134.50206,72.157222,1.3695441,12
Hog_office_Cordelia,A,29.304423,17.88697,2.6913583,13
Hog_office_Thomas,C,51.640494,48.80874,1.9516425,22
Hog_office_Sung,C,49.921959,41.753131,1.2596774,15
Hog_public_Kevin,D,594.90944,433.89729,2.2358916,16
Hog_lodging_Shonda,B,109.20595,106.80853,1.2487977,18
Hog_office_Marlene,A,53.280664,26.316199,2.3010137,15
Hog_assembly_Edward,D,5.9815992,4.5790724,2.0510547,12
Hog_education_Casandra,C,1098.8482,1030.7934,1.1389029,16
Hog_services_Marshall,B,83.055238,70.008793,1.2443294,15
Hog_assembly_Letha,B,614.99172,618.55407,1.1454614,17
Hog_office_Sarah,B,459.62304,433.83505,1.1101467,15
Hog_other_Lynette,B,3.1039305,2.9626465,1.0661151,15
Hog_assembly_Annemarie,B,65.253165,58.4375,1.1415532,8
Hog_office_Sydney,D,130.55495,114.30967,1.4713395,12
Hog_parking_Joan,D,0.905,,,22
Hog_office_Mack,C,92.14899,76.182468,1.2648026,15
Hog_office_Clemencia,B,82.114409,69.478469,1.2310339,14
Hog_office_Terry,C,747.7621,667.44232,1.3854,16
Hog_office_Buford,C,1.5407973,1.5162471,0.99677758,22
Hog_office_Patrick,D,11.800856,8.5631627,1.6008404,14
Hog_office_Shawna,A,159.32409,100.15206,2.673593,14
Hog_science_Max,B,153.65547,136.54065,1.1397705,15
Hog_warehouse_Porsha,C,11.634086,11.56231,0.10722702,2
Hog_education_Janell,C,3511.4296,3193.7477,1.1904609,15
Hog_lodging_Mauricio,C,226.91761,215.40873,1.1454253,17
Hog_office_Miriam,D,24.648692,19.076712,1.6613843,13
Hog_health_Kesha,B,253.5079,227.8785,1.2006824,12
Hog_office_Guadalupe,A,52.610893,33.642262,1.8524432,12
Hog_warehouse_Rosanna,C,21.226072,20.587522,1.1008195,17
Hog_education_Madge,D,96.669568,72.769163,1.597657,12
Hog_office_Migdalia,A,37.747745,23.957698,1.6301484,12
Hog_food_Morgan,D,65.047553,59.330488,1.7429404,13
Hog_services_Joe,A,32.316322,18.171282,1.7258233,14
Hog_industrial_Quentin,A,129.10056,62.059536,2.0127358,14
Hog_office_Elsy,C,29.3172,21.910812,1.317906,15
Hog_assembly_Una,D,,,,
Hog_education_Rachael,C,77.932217,67.307133,1.2168248,15
Hog_office_Nia,D,1872.8384,1665.7772,1.4610059,15
Hog_office_Joey,C,1255.726,1058.5215,1.2719713,16
Hog_assembly_Colette,D,367.72747,342.27715,1.6166397,16
Hog_education_Josh,D,160.96306,138.49484,1.6500651,16
Hog_office_Napoleon,D,136.02347,111.85723,1.5913976,14
Hog_office_Lanell,D,156.77377,104.97345,2.3362937,13
Hog_education_Beth,D,115.84633,87.3693,1.7535678,14
Hog_office_Concetta,A,18.043123,6.9012978,3.0941186,15
Hog_office_Bessie,D,85.740803,58.31746,1.8226784,15
Hog_office_Randi,A,107.56686,60.068089,2.0483663,14
Hog_office_Marilyn,C,39.688075,32.661509,1.2824074,15
Hog_assembly_Arlie,D,,,,
Hog_office_Catharine,C,449.92672,415.67394,1.2236457,15
Hog_office_Gustavo,D,560.35935,459.09936,1.489914,12
Hog_office_Darline,B,192.82962,189.40449,1.015769,14
Hog_education_Sonia,C,647.50864,572.97206,1.2812571,11
Hog_office_Rolando,C,315.81948,295.09881,1.1025668,16
Hog_office_Bill,C,304.00778,258.20963,1.2570176,15
Hog_office_Man,C,64.459131,56.807317,1.2582343,16
Hog_office_Mike,C,70.573674,51.990687,1.3752584,14
Hog_office_Charla,B,185.82976,170.99127,1.2153597,14
Hog_office_Simon,A,22.261078,12.531349,2.2476079,12
Hog_office_Betsy,D,683.44162,581.27208,1.4888271,16
Hog_lodging_Ora,B,224.23673,212.1361,1.2148184,19
Hog_industrial_Mariah,D,16.871849,15.791789,1.5459145,17
Hog_office_Elnora,B,699.41165,657.43795,1.0393365,15
Hog_office_Elke,A,73.990394,42.169841,2.116537,12
Hog_education_Luvenia,C,492.2632,421.17352,1.2580514,14
Hog_education_Cathleen,B,566.07441,485.2728,1.0989053,14
Hog_office_Mary,A,36.951462,19.848305,2.0339132,12
Hog_office_Alexis,A,22.853333,11.055402,2.2602622,14
Hog_health_Hisako,B,213.66411,188.05221,1.2328454,13
Hog_parking_Marcus,C,89.065991,77.348582,1.0840938,9
Hog_parking_Bernardo,D,68.020877,54.37996,1.6047228,13
Hog_office_Leanne,C,138.61355,116.3614,1.3202412,14
Hog_office_Josefina,C,190.69046,158.66508,1.3646161,15
Hog_office_Nancie,A,71.266875,40.021802,1.9770035,12
Hog_education_Jared,A,15.94909,8.3169898,2.2436399,13
Hog_health_Jenny,C,190.91695,158.94142,1.2724422,11
Hog_office_Leon,D,7.2116132,5.1731548,2.3260996,11
Hog_office_Shon,D,85.427264,59.700938,1.5274236,15
Hog_office_Corie,D,96.734363,68.239683,2.0520856,15
Hog_education_Bruno,B,271.2143,244.12567,1.2076263,14
Hog_parking_Jean,C,56.902443,55.841826,0.98566441,8
Hog_industrial_Jeremy,D,44.8363,42.799559,3.3603883,8
Hog_lodging_Nikki,B,58.67912,59.129796,1.0832933,22
Hog_office_Catalina,D,57.382259,41.699492,1.6208438,15
Hog_lodging_Celeste,B,96.516628,94.312625,1.0390802,22
Hog_services_Kerrie,C,21.128553,15.397991,1.2973506,15
Hog_education_Caridad,C,1426.593,1299.0687,1.2697728,17
Hog_education_Roberto,D,219.45133,146.61428,1.7150947,13
Hog_lodging_Retha,B,364.90871,349.23154,1.0924354,18
Hog_education_George,B,221.52415,198.89919,1.1674095,15
Hog_public_Octavia,C,203.6364,175.34393,1.417786,14
Hog_office_Lizzie,D,92.640267,81.571749,2.3843085,15
Hog_assembly_Maribel,D,872.71458,753.82718,1.4804849,16
Hog_parking_Cliff,B,103.64415,100.85462,1.1077433,17
Hog_industrial_Jay,D,233.18178,229.84209,1.7905411,9
Hog_office_Myles,A,59.276323,35.682164,1.7696361,12
Hog_education_Jewel,D,68.670053,57.047585,1.4642336,15
Hog_parking_Jeana,C,29.95064,25.356586,1.2225969,16
Hog_lodging_Francisco,C,165.95076,149.38471,1.4827345,19
Hog_education_Leandro,C,488.87497,439.28007,1.3108354,15
Hog_assembly_Dona,C,297.73068,283.43562,1.5556291,19
Hog_industrial_Joanne,D,155.2299,138.1993,2.9283668,8
Hog_lodging_Brian,B,106.36799,103.36905,1.1337948,22
Hog_parking_Shannon,C,115.9109,101.52804,1.1930785,18
Hog_office_Eloise,C,332.76787,305.11257,1.372076,12
Hog_office_Byron,C,1008.1444,812.00172,1.3435626,13
Hog_public_Gerard,D,59.373473,48.587227,1.9433079,15
Hog_assembly_Pedro,D,226.87418,223.59015,1.709456,16
Hog_office_Sherrie,A,47.56297,25.906106,1.8257726,15
Hog_education_Odell,B,543.58435,505.86368,1.0898083,15
Hog_education_Robert,D,608.41132,428.26039,1.7327819,15
Hog_lodging_Edgar,C,134.6906,117.71852,1.1474198,17
Hog_public_Brad,B,1018.773,952.46984,1.1089654,16
Hog_office_Emmanuel,D,28.716462,26.106795,1.6031793,11
Hog_education_Haywood,B,140.87353,134.05093,1.0580371,12
Hog_public_Crystal,D,317.85327,256.16535,1.8774303,15
Hog_office_Cortney,A,89.98912,38.493051,2.7203821,14
Hog_office_Vera,A,129.0675,73.118651,1.9346127,11
Hog_office_Richelle,D,93.931439,64.203594,1.6772517,12
Hog_lodging_Hal,C,148.85681,145.42449,1.0998611,22
Hog_assembly_Jasmine,D,90.61977,71.209145,1.572754,16
Hog_office_Garrett,D,424.02153,301.76726,1.9480714,15
Hog_office_Denita,A,66.627022,36.800991,2.4247855,15
Eagle_office_Lamont,B,34.138271,28.691222,1.1971906,16
Eagle_health_Athena,C,381.07352,315.62908,1.1613439,17
Eagle_office_Ryan,C,27.882439,22.664003,1.308514,16
Eagle_assembly_Herbert,C,75.430502,52.293854,1.0913997,20
Eagle_public_Alvin,B,110.08982,94.530857,1.0892859,18
Eagle_education_Raul,B,667.758,632.48257,1.0516087,16
Eagle_education_Roman,B,705.15563,665.52717,1.066598,16
Eagle_office_Mandi,B,17.727447,16.034015,1.0840428,17
Eagle_office_Elia,C,148.76106,120.8907,1.2891323,19
Eagle_education_Jewell,B,251.09591,225.75064,1.0403623,19
Eagle_office_Henriette,B,30.818657,26.740018,1.1762491,19
Eagle_health_Margo,B,60.481214,52.615916,1.1207211,18
Eagle_health_Reba,B,423.28545,376.38263,1.1000749,19
Eagle_lodging_Edgardo,B,50.491317,48.792441,0.84221822,2
Eagle_office_Sonya,B,186.70095,170.40791,1.1642933,16
Eagle_education_Cassie,C,68.745635,64.029485,1.0426428,19
Eagle_food_Jennifer,C,100.90785,92.398121,1.2208505,23
Eagle_office_Yadira,C,139.97479,110.50546,1.2774087,16
Eagle_education_Peter,B,1584.8937,1479.9744,1.0666702,18
Eagle_health_Gregoria,B,597.35468,545.08001,1.0679595,16
Eagle_lodging_Dawn,B,74.453463,72.740444,0.86725988,2
Eagle_education_Shanna,B,304.50073,280.29005,1.0376062,20
Eagle_office_Nereida,B,174.84314,145.36164,1.1386453,17
Eagle_health_Lucinda,B,573.07195,569.6846,0.99411821,20
Eagle_assembly_Noel,D,,,,
Eagle_lodging_Tressa,B,65.221944,64.902917,0.87910604,2
Eagle_lodging_Garland,D,,,,
Eagle_education_Eileen,B,44.726361,38.624218,1.079207,18
Eagle_office_Bridgett,B,201.55242,180.43495,1.0657794,19
Eagle_office_Efrain,C,49.400374,45.565526,1.0913067,19
Eagle_education_Lino,B,194.04703,176.55503,1.0829091,16
Eagle_office_Jeff,C,46.937778,39.047743,1.2301739,12
Eagle_education_Wesley,B,133.12525,115.89772,1.198577,19
Eagle_assembly_Lacy,B,122.55514,115.89654,1.0137305,0
Eagle_office_Chantelle,B,34.954359,28.116226,1.0144571,16
Eagle_lodging_Andy,B,55.533002,53.581873,0.82991402,2
Eagle_education_Sheena,B,32.219581,27.694413,1.192246,18
Eagle_office_Lane,B,48.674556,41.552194,1.1288719,19
Eagle_health_Vincenza,C,57.175398,44.649485,1.2739132,16
Eagle_office_Dallas,C,54.799615,46.355323,1.1153462,19
Eagle_assembly_Ian,C,452.94219,437.9197,1.0114914,19
Eagle_health_Trisha,B,308.54043,299.87197,1.0474158,16
Eagle_education_Shante,B,633.08982,604.52818,1.0608829,19
Eagle_office_Jackie,B,73.289067,62.123252,1.1204098,18
Eagle_office_Isidro,A,25.367504,16.45805,2.0883188,16
Eagle_office_Joette,B,283.78956,237.86426,1.1625087,19
Eagle_office_Katheleen,C,114.4561,93.159416,1.2610927,19
Eagle_office_Donovan,D,71.489143,51.649049,1.4794458,16
Eagle_education_Brianne,B,424.80769,415.40247,1.0064892,19
Eagle_office_Amanda,B,306.15657,272.00711,1.1050387,14
Eagle_office_Chauncey,B,570.94096,502.36949,1.1185833,18
Eagle_assembly_Estelle,C,11.953375,10.510188,0.97188926,0
Eagle_office_Phyllis,B,43.072476,38.958097,1.0840532,17
Eagle_education_Samantha,B,271.84211,256.5881,1.0335251,19
Eagle_office_Randolph,D,117.61154,91.640823,1.4586996,16
Eagle_education_April,B,51.919105,51.533492,1.0028987,17
Eagle_office_Freida,C,63.412284,54.108822,1.2152103,16
Eagle_office_Francis,B,358.18222,336.07852,1.0422197,18
Eagle_assembly_Benny,C,51.741993,44.174353,0.98255107,19
Eagle_office_Sheree,C,45.03871,33.265853,1.3467394,19
Eagle_education_Sherrill,B,708.60296,658.82181,1.0749296,18
Eagle_office_Mable,B,17.12852,13.183485,1.1377616,17
Eagle_education_Brooke,B,919.86709,884.78298,1.0323452,18
Eagle_office_Demetra,C,161.93114,133.56173,1.0856095,16
Eagle_education_Alberto,B,475.15283,435.63492,1.0936159,16
Eagle_food_Kay,C,195.27848,175.08286,1.1933101,16
Eagle_public_Pearle,C,373.63818,311.53152,1.1609703,19
Eagle_office_Elias,B,88.626323,75.822729,1.2074219,14
Eagle_health_Jodi,C,184.08381,167.63879,1.2764643,18
Eagle_public_Preston,B,335.28945,276.7922,1.0896895,19
Eagle_assembly_Latrina,C,150.26198,165.68656,0.97236907,0
Eagle_public_Ola,B,137.32056,114.48108,1.0290137,19
Eagle_public_Henry,C,29.930723,28.357958,1.1809806,18
Eagle_education_Norah,B,501.54054,480.24329,1.0131749,18
Eagle_education_Will,B,114.89333,106.95824,1.0590208,19
Eagle_lodging_Stephanie,B,80.374696,76.746643,0.90054747,2
Eagle_assembly_Candice,A,44.446142,27.428077,1.5785392,12
Eagle_public_Missy,C,32.319964,30.140004,0.92598923,1
Eagle_lodging_Blake,C,20.538034,17.250825,0.8037335,4
Eagle_education_Petra,B,68.332794,63.410507,1.0369788,19
Eagle_lodging_Terri,C,108.7424,108.20943,1.0002455,12
Eagle_lodging_Trina,C,47.653105,46.351744,0.83740563,2
Eagle_education_Maragret,B,22.677194,20.507998,1.0414494,18
Eagle_office_Lillian,C,51.923476,47.301601,1.0894836,20
Eagle_office_Amie,B,464.87396,464.48759,0.99971724,8
Eagle_office_Damian,B,187.86042,160.71997,1.2074219,14
Eagle_health_Amy,C,83.349593,72.627738,1.130743,19
Eagle_health_Reuben,B,235.66925,192.94173,1.1509675,17
Eagle_education_Edith,C,186.35639,151.67293,1.2805055,19
Eagle_education_Teresa,B,104.63109,94.035067,1.1319496,16
Eagle_assembly_Josie,C,194.1756,189.52913,1.0729374,17
Eagle_office_Norbert,C,104.55973,79.407451,1.3845138,16
Eagle_assembly_Portia,C,134.19303,122.82744,1.1549242,21
Eagle_office_Michele,B,170.25061,159.69631,1.0706049,17
Eagle_lodging_Casey,B,78.176213,77.541581,0.84370449,3
Eagle_office_Elvis,C,51.848196,40.045155,1.2690543,18
Eagle_office_Tia,B,196.10581,169.35054,1.079207,18
Eagle_office_Flossie,B,161.62776,140.73704,1.1176093,18
Eagle_office_Remedios,B,92.606966,80.387827,1.1429483,16
Eagle_public_Minnie,B,153.61009,139.98376,1.1027824,20
Eagle_office_Patrice,C,90.937673,71.828526,1.2863145,13
Eagle_education_Luther,B,478.25835,460.58904,1.0187586,19
Eagle_education_Paul,B,30.193927,25.953299,1.1922261,18
Eagle_assembly_Margret,B,397.88397,374.176,1.01655,0
Eagle_office_Marisela,B,146.77895,123.17931,1.2046858,16
Eagle_education_Shana,B,50.961522,46.093299,1.0840588,17
Cockatoo_lodging_Aimee,B,33.396987,34.439541,0.94097631,21
Cockatoo_public_Chiquita,D,93.968382,74.110548,1.4556427,15
Cockatoo_assembly_Meredith,D,69.583816,60.656421,1.4630127,15
Cockatoo_assembly_Rodger,D,86.639194,83.013756,1.5415776,12
Cockatoo_assembly_Genoveva,D,15.242876,13.445828,1.8392319,18
Cockatoo_office_Jimmy,D,14.772184,11.083794,1.6432376,14
Cockatoo_office_Rodney,D,141.49088,106.27699,1.5781564,11
Cockatoo_industrial_Sarita,C,15.212958,14.473514,1.4235501,12
Cockatoo_education_Helene,B,119.69589,107.4624,1.1568144,12
Cockatoo_assembly_Griselda,C,39.525247,35.229219,1.4179925,19
Cockatoo_lodging_Cletus,B,86.035451,77.879182,1.1993881,21
Cockatoo_education_Eunice,C,413.25436,335.19722,1.4249321,12
Cockatoo_lodging_Lana,B,33.472109,34.1816,0.96017189,21
Cockatoo_lodging_Katharine,B,27.14259,23.841966,0.99274485,14
Cockatoo_lodging_Tesha,B,21.457859,21.049006,1.008027,18
Cockatoo_education_Mayra,D,73.961487,57.524774,1.435098,12
Cockatoo_lodging_Kyle,C,234.85583,225.48551,1.3545154,18
Cockatoo_utility_Kimiko,D,82.381252,69.505703,3.5870861,9
Cockatoo_assembly_Emilio,C,271.62362,242.63031,1.2508282,17
Cockatoo_office_Delores,C,77.42502,60.781049,1.3235551,14
Cockatoo_education_Sheryl,B,482.80985,443.13669,1.184635,12
Cockatoo_science_Rex,C,192.46443,167.1518,1.2685675,11
Cockatoo_office_Kristin,B,113.44842,103.21575,1.1610991,15
Cockatoo_education_Melanie,D,17.810207,14.367259,1.4800143,9
Cockatoo_education_Collin,C,214.0183,186.96594,1.3062312,11
Cockatoo_education_Laurence,C,76.672983,59.178301,1.3602901,11
Cockatoo_lodging_Lynne,C,125.84846,131.09058,1.4219799,18
Cockatoo_assembly_Fernanda,C,88.83798,74.791089,1.3320808,17
Cockatoo_office_Elbert,B,31.246667,26.212376,1.2355152,15
Cockatoo_education_Brendan,C,72.015529,63.977835,1.3110527,14
Cockatoo_education_Joel,C,6.119102,5.9657042,1.4118224,15
Cockatoo_office_Georgia,B,252.6158,224.1768,1.2301975,11
Cockatoo_education_Jack,D,8.1498861,5.7749946,1.4808937,13
Cockatoo_education_Magdalena,C,11.49333,9.6165569,1.2122846,21
Cockatoo_lodging_Jimmie,B,183.50323,183.77887,1.0010993,21
Cockatoo_lodging_Alicia,B,23.945776,24.67644,0.98278298,22
Cockatoo_lodging_Jarrod,C,61.613545,61.528912,0.99505306,22
Cockatoo_lodging_Mandy,B,12.249115,12.317215,1.0240354,21
Cockatoo_education_Shawn,C,127.09581,105.96716,1.3457179,15
Cockatoo_industrial_Nathaniel,C,81.864942,85.326143,3.8803478,7
Cockatoo_lodging_Tessie,C,228.31853,229.1009,1.370141,18
Cockatoo_assembly_Mimi,A,8.1336411,4.2121736,1.8052046,11
Cockatoo_education_Brigitte,C,732.64641,665.309,1.3559614,11
Cockatoo_assembly_Heath,D,133.09225,122.07322,1.5773694,14
Cockatoo_lodging_Jim,B,51.001577,50.827389,1.0659226,22
Cockatoo_lodging_Eric,C,19.19312,19.269175,1.0892677,22
Cockatoo_education_Claudine,B,39.639962,36.507473,0.90100664,5
Cockatoo_utility_Sherri,A,63.95439,37.875789,1.7584888,11
Cockatoo_education_Joeann,D,392.65216,396.19399,2.1053425,8
Cockatoo_education_Erik,B,171.41191,154.47201,1.2212894,12
Cockatoo_education_Clifton,B,1.3626135,1.2610206,1.1454409,13
Cockatoo_education_Victoria,B,4.7576581,4.7578544,1.2361366,17
Cockatoo_education_Charity,B,274.01721,251.67958,1.1172389,14
Cockatoo_education_Nelda,B,126.76375,111.51558,1.1409376,14
Cockatoo_education_Terrence,B,446.16625,406.08923,1.130474,14
Cockatoo_office_Pansy,A,60.435507,39.902557,1.5598307,11
Cockatoo_lodging_Javier,B,93.979197,92.536951,1.1738991,21
Cockatoo_assembly_Britt,C,48.514536,44.507283,1.1824177,17
Cockatoo_lodging_Emory,B,81.403482,77.957445,1.1613225,16
Cockatoo_office_Paige,C,114.39056,95.868781,1.345692,14
Cockatoo_office_Lorraine,C,6.7386014,6.8115941,0.84521369,22
Cockatoo_assembly_Ed,C,160.21447,159.02191,1.5626784,19
Cockatoo_lodging_Olga,C,68.363632,70.466158,0.95158355,22
Cockatoo_assembly_Valencia,C,111.96338,103.70585,1.3195801,15
Cockatoo_education_Maynard,C,22.185705,17.765635,1.1985309,13
Cockatoo_assembly_Evelyn,C,7.1043047,7.2861129,0.78719567,21
Cockatoo_office_Margaret,B,3.417437,2.8064429,1.1251551,6
Cockatoo_education_Doreen,C,93.185416,79.987737,1.2723486,14
Cockatoo_education_Christi,C,4.5659248,3.7110455,1.1296241,11
Cockatoo_education_Gussie,B,310.18461,279.24894,1.1818456,14
Cockatoo_education_Jon,C,120.75848,91.415263,1.4142839,12
Cockatoo_public_Valerie,B,449.02546,423.0905,1.1011,14
Cockatoo_office_Alton,C,102.4874,86.136674,1.407563,11
Cockatoo_education_Deloris,B,77.487899,71.618493,1.1335915,12
Cockatoo_office_Laila,B,227.31887,210.56531,1.2290277,14
Cockatoo_lodging_Johnathan,B,8.9243645,9.1404109,0.96509918,23
Cockatoo_lodging_Judi,C,15.284456,14.606552,1.0948512,19
Cockatoo_education_Evangeline,B,216.57977,197.20324,1.159094,15
Cockatoo_lodging_Albert,B,70.815364,70.972265,0.99361907,22
Cockatoo_education_Rita,A,14.216768,8.8369297,1.5822257,10
Cockatoo_assembly_Tabitha,C,12.359531,11.508085,1.3619839,16
Cockatoo_lodging_Linwood,C,17.785532,18.485257,1.0000139,22
Cockatoo_education_Latrice,C,1.6180447,4.1264555,0.20614494,4
Cockatoo_education_Arlen,C,87.282398,75.884389,1.3879816,13
Cockatoo_lodging_Carmen,C,17.530879,17.867269,1.0311646,22
Cockatoo_lodging_Ana,C,12.988128,13.121817,0.74088134,23
Cockatoo_office_Gail,D,23.43001,16.597814,1.497488,11
Cockatoo_lodging_Elvia,D,261.41577,247.21985,1.5406437,10
Cockatoo_education_Flora,B,875.08938,857.92972,1.0384149,15
Cockatoo_office_Jodie,B,55.135184,46.732675,1.1586481,10
Cockatoo_education_Orlando,C,241.90718,219.12845,1.3671379,9
Cockatoo_office_Giovanni,C,136.73355,118.02961,1.2931428,15
Cockatoo_office_Roxanna,C,8.0828828,6.902525,1.2685845,11
Cockatoo_lodging_Raphael,C,94.783396,98.092881,1.3415075,19
Cockatoo_religion_Diedre,D,6.0419373,5.4215033,1.7774397,11
Cockatoo_assembly_Ralph,B,18.746849,19.860049,0.96187036,23
Cockatoo_office_Christy,C,196.13632,181.19988,1.3761949,13
Cockatoo_lodging_Kerri,B,19.016498,16.714725,1.2232285,18
Cockatoo_assembly_Doyle,D,272.48569,209.14244,1.9157864,13
Cockatoo_assembly_Pierre,C,15.258502,15.296648,1.4133432,12
Cockatoo_education_Julio,B,177.95093,163.77651,1.0153333,17
Cockatoo_lodging_Homer,B,275.99749,239.43762,1.1999511,14
Cockatoo_office_Ada,B,436.27331,424.12468,1.1858591,14
Cockatoo_education_Julia,C,34.499636,28.901562,1.2505716,10
Cockatoo_lodging_Josephine,C,79.429676,85.329626,1.3699828,20
Cockatoo_education_Janet,B,1020.7742,947.61974,1.1942175,14
Cockatoo_education_Minh,B,45.962774,42.258137,1.1329079,16
Cockatoo_education_Oliver,B,176.11784,148.83444,1.2434994,14
Cockatoo_education_Marva,D,173.5954,119.31154,1.6828621,10
Cockatoo_education_June,C,107.79196,95.364826,1.2849458,14
Cockatoo_education_Lionel,B,337.1843,315.5011,1.1399921,13
Cockatoo_public_Leah,D,173.47556,153.08356,1.4912167,14
Cockatoo_education_Amira,C,48.773209,43.923158,1.108114,13
Cockatoo_public_Harland,C,53.679248,43.227269,1.3122457,14
Cockatoo_public_Caleb,D,196.39822,145.5808,1.4586556,13
Cockatoo_education_Tyler,B,779.26719,748.23099,1.0978222,15
Cockatoo_public_Shad,D,138.84438,107.29246,1.4861376,13
Mouse_health_Buddy,B,17.736725,17.540797,1.0017745,14
Mouse_health_Modesto,C,548.25353,494.01523,1.2017123,16
Mouse_lodging_Vicente,D,48.291979,39.496377,1.6329575,16
Mouse_health_Justin,C,803.52001,733.31985,1.34176,16
Mouse_health_Ileana,A,49.220584,29.551085,1.8732956,15
Mouse_health_Estela,D,406.71125,329.97409,1.4840831,15
Mouse_science_Micheal,C,442.0621,420.40664,1.050769,14
