building_id,power_class,chilledwater_class,agree
Bobcat_assembly_Adam,B,C,False
Bobcat_assembly_Billy,D,D,True
Bobcat_assembly_Camilla,B,D,False
Bobcat_assembly_Franklin,D,D,True
Bobcat_education_Alissa,D,A,False
Bobcat_education_Angela,C,D,False
Bobcat_education_Dylan,D,C,False
Bobcat_education_Emile,C,C,True
Bobcat_education_Jayne,A,A,True
Bobcat_education_Karin,D,D,True
Bobcat_education_Marisha,C,C,True
Bobcat_education_Miki,C,D,False
Bobcat_education_Monte,A,A,True
Bobcat_education_Rosalva,D,A,False
Bobcat_education_Seth,B,C,False
Bobcat_education_Toni,D,C,False
Bobcat_education_Whitney,D,C,False
Bobcat_office_Kassandra,A,C,False
Bobcat_other_Howard,C,D,False
Bobcat_other_Jovita,D,A,False
Bobcat_public_Angie,D,C,False
Bobcat_science_Tammy,D,D,True
Bull_assembly_Amalia,B,C,False
Bull_assembly_Beau,C,C,True
Bull_assembly_Brandon,B,D,False
Bull_assembly_Dorethea,C,C,True
Bull_assembly_Freddie,C,D,False
Bull_assembly_Gerri,D,C,False
Bull_assembly_Gigi,C,C,True
Bull_assembly_Goldie,C,C,True
Bull_assembly_Lance,C,C,True
Bull_assembly_Lesa,D,D,True
Bull_assembly_Maren,C,C,True
Bull_assembly_Nathanial,C,C,True
Bull_assembly_Vanessa,C,C,True
Bull_education_Annette,C,C,True
Bull_education_Antonia,B,C,False
Bull_education_Arthur,B,D,False
Bull_education_Barry,B,C,False
Bull_education_Bernice,C,C,True
Bull_education_Brain,B,C,False
Bull_education_Brenda,B,C,False
Bull_education_Bryon,D,D,True
Bull_education_Carl,B,C,False
Bull_education_Clarita,B,C,False
Bull_education_Dan,B,C,False
Bull_education_Dania,C,C,True
Bull_education_Delia,C,C,True
Bull_education_Dora,D,D,True
Bull_education_Dottie,C,C,True
Bull_education_Elva,B,C,False
Bull_education_Fabiola,D,D,True
Bull_education_Geneva,C,C,True
Bull_education_Genie,D,D,True
Bull_education_Gregory,D,C,False
Bull_education_Hayley,C,D,False
Bull_education_Jae,B,C,False
Bull_education_Joseph,D,C,False
Bull_education_Juan,D,D,True
Bull_education_Kendra,D,C,False
Bull_education_Krista,D,D,True
Bull_education_Kristal,B,C,False
Bull_education_Lenny,C,D,False
Bull_education_Linnie,D,D,True
Bull_education_Luke,C,C,True
Bull_education_Lydia,C,C,True
Bull_education_Lyn,C,D,False
Bull_education_Magaret,D,D,True
Bull_education_Mario,D,D,True
Bull_education_Matilda,C,D,False
Bull_education_Mervin,B,C,False
Bull_education_Miquel,D,D,True
Bull_education_Miranda,B,C,False
Bull_education_Myra,D,D,True
Bull_education_Nichole,C,D,False
Bull_education_Nina,B,C,False
Bull_education_Olive,D,D,True
Bull_education_Pablo,D,D,True
Bull_education_Pamela,D,D,True
Bull_education_Patrina,D,D,True
Bull_education_Racheal,C,C,True
Bull_education_Reina,C,C,True
Bull_education_Reynaldo,C,C,True
Bull_education_Roland,D,D,True
Bull_education_Roseann,B,C,False
Bull_education_Sebastian,D,D,True
Bull_education_Stewart,B,C,False
Bull_education_Tracey,D,D,True
Bull_education_Venita,C,D,False
Bull_education_Violeta,D,D,True
Bull_lodging_Anibal,B,C,False
Bull_lodging_Caren,B,C,False
Bull_lodging_Carie,B,C,False
Bull_lodging_Danielle,C,C,True
Bull_lodging_Dave,B,C,False
Bull_lodging_Hugo,C,C,True
Bull_lodging_Jeremiah,C,C,True
Bull_lodging_Leonard,B,C,False
Bull_lodging_Lettie,B,C,False
Bull_lodging_Melissa,B,C,False
Bull_lodging_Perry,B,C,False
Bull_lodging_Terence,C,C,True
Bull_lodging_Travis,C,C,True
Bull_office_Anne,B,B,True
Bull_office_Chantel,B,C,False
Bull_office_Debbie,D,C,False
Bull_office_Efren,A,A,True
Bull_office_Lilla,C,D,False
Bull_office_Mai,C,C,True
Bull_office_Myron,D,D,True
Bull_office_Rob,D,D,True
Bull_office_Sally,D,A,False
Bull_office_Trevor,C,C,True
Bull_office_Yvonne,D,D,True
Bull_public_Hyun,B,C,False
Bull_public_Jefferson,D,B,False
Cockatoo_assembly_Doyle,D,A,False
Cockatoo_assembly_Emilio,C,D,False
Cockatoo_assembly_Genoveva,D,D,True
Cockatoo_assembly_Griselda,C,D,False
Cockatoo_assembly_Meredith,D,D,True
Cockatoo_assembly_Rodger,D,C,False
Cockatoo_assembly_Tabitha,C,D,False
Cockatoo_education_Brendan,C,A,False
Cockatoo_education_Brigitte,C,D,False
Cockatoo_education_Charity,B,D,False
Cockatoo_education_Christi,C,D,False
Cockatoo_education_Clifton,B,D,False
Cockatoo_education_Doreen,C,D,False
Cockatoo_education_Erik,B,D,False
Cockatoo_education_Eunice,C,D,False
Cockatoo_education_Evangeline,B,D,False
Cockatoo_education_Flora,B,D,False
Cockatoo_education_Helene,B,D,False
Cockatoo_education_Janet,B,D,False
Cockatoo_education_Jon,C,C,True
Cockatoo_education_June,C,D,False
Cockatoo_education_Latrice,C,D,False
Cockatoo_education_Laurence,C,D,False
Cockatoo_education_Lionel,B,D,False
Cockatoo_education_Magdalena,C,C,True
Cockatoo_education_Maynard,C,D,False
Cockatoo_education_Mayra,D,C,False
Cockatoo_education_Minh,B,D,False
Cockatoo_education_Nelda,B,B,True
Cockatoo_education_Orlando,C,C,True
Cockatoo_education_Rita,A,D,False
Cockatoo_education_Terrence,B,D,False
Cockatoo_lodging_Aimee,B,D,False
Cockatoo_lodging_Albert,B,D,False
Cockatoo_lodging_Alicia,B,C,False
Cockatoo_lodging_Ana,C,D,False
Cockatoo_lodging_Cletus,B,D,False
Cockatoo_lodging_Emory,B,D,False
Cockatoo_lodging_Jarrod,C,D,False
Cockatoo_lodging_Jim,B,C,False
Cockatoo_lodging_Katharine,B,C,False
Cockatoo_lodging_Kerri,B,D,False
Cockatoo_lodging_Kyle,C,D,False
Cockatoo_lodging_Lana,B,C,False
Cockatoo_lodging_Lynne,C,C,True
Cockatoo_lodging_Raphael,C,D,False
Cockatoo_lodging_Tessie,C,D,False
Cockatoo_office_Alton,C,C,True
Cockatoo_office_Delores,C,D,False
Cockatoo_office_Elbert,B,D,False
Cockatoo_office_Gail,D,C,False
Cockatoo_office_Georgia,B,D,False
Cockatoo_office_Giovanni,C,D,False
Cockatoo_office_Jimmy,D,D,True
Cockatoo_office_Jodie,B,D,False
Cockatoo_office_Kristin,B,D,False
Cockatoo_office_Laila,B,D,False
Cockatoo_office_Lorraine,C,C,True
Cockatoo_office_Paige,C,D,False
Cockatoo_office_Pansy,A,D,False
Cockatoo_office_Rodney,D,C,False
Cockatoo_office_Roxanna,C,D,False
Cockatoo_public_Leah,D,D,True
Cockatoo_public_Valerie,B,C,False
Cockatoo_religion_Diedre,D,C,False
Cockatoo_science_Rex,C,D,False
Crow_education_Kate,D,C,False
Crow_education_Keisha,C,D,False
Crow_education_Marlin,C,D,False
Crow_education_Omer,D,D,True
Crow_education_Winston,C,D,False
Eagle_assembly_Candice,A,C,False
Eagle_assembly_Estelle,C,C,True
Eagle_assembly_Ian,C,C,True
Eagle_assembly_Josie,C,D,False
Eagle_assembly_Lacy,B,C,False
Eagle_assembly_Latrina,C,D,False
Eagle_assembly_Margret,B,C,False
Eagle_education_Alberto,B,C,False
Eagle_education_April,B,C,False
Eagle_education_Brooke,B,C,False
Eagle_education_Cassie,C,C,True
Eagle_education_Eileen,B,C,False
Eagle_education_Jewell,B,C,False
Eagle_education_Lino,B,C,False
Eagle_education_Luther,B,C,False
Eagle_education_Norah,B,C,False
Eagle_education_Paul,B,C,False
Eagle_education_Peter,B,C,False
Eagle_education_Petra,B,C,False
Eagle_education_Raul,B,C,False
Eagle_education_Roman,B,C,False
Eagle_education_Samantha,B,C,False
Eagle_education_Shana,B,C,False
Eagle_education_Shanna,B,C,False
Eagle_education_Shante,B,C,False
Eagle_education_Sheena,B,C,False
Eagle_education_Sherrill,B,C,False
Eagle_education_Teresa,B,C,False
Eagle_education_Wesley,B,C,False
Eagle_education_Will,B,C,False
Eagle_food_Jennifer,C,C,True
Eagle_food_Kay,C,C,True
Eagle_health_Amy,C,C,True
Eagle_health_Athena,C,C,True
Eagle_health_Gregoria,B,C,False
Eagle_health_Jodi,C,C,True
Eagle_health_Margo,B,C,False
Eagle_health_Reba,B,C,False
Eagle_health_Reuben,B,C,False
Eagle_health_Vincenza,C,C,True
Eagle_lodging_Andy,B,C,False
Eagle_lodging_Blake,C,C,True
Eagle_lodging_Casey,B,C,False
Eagle_lodging_Dawn,B,C,False
Eagle_lodging_Edgardo,B,C,False
Eagle_lodging_Stephanie,B,C,False
Eagle_lodging_Terri,C,C,True
Eagle_lodging_Tressa,B,C,False
Eagle_lodging_Trina,C,C,True
Eagle_office_Chantelle,B,C,False
Eagle_office_Chauncey,B,C,False
Eagle_office_Damian,B,C,False
Eagle_office_Demetra,C,C,True
Eagle_office_Donovan,D,D,True
Eagle_office_Efrain,C,C,True
Eagle_office_Elias,B,C,False
Eagle_office_Elvis,C,D,False
Eagle_office_Francis,B,C,False
Eagle_office_Freida,C,C,True
Eagle_office_Henriette,B,C,False
Eagle_office_Isidro,A,D,False
Eagle_office_Jackie,B,C,False
Eagle_office_Jeff,C,C,True
Eagle_office_Lamont,B,C,False
Eagle_office_Lane,B,C,False
Eagle_office_Lillian,C,C,True
Eagle_office_Mable,B,C,False
Eagle_office_Mandi,B,C,False
Eagle_office_Marisela,B,C,False
Eagle_office_Nereida,B,C,False
Eagle_office_Norbert,C,C,True
Eagle_office_Patrice,C,C,True
Eagle_office_Phyllis,B,C,False
Eagle_office_Randolph,D,C,False
Eagle_office_Remedios,B,C,False
Eagle_office_Ryan,C,C,True
Eagle_office_Sheree,C,D,False
Eagle_office_Sonya,B,C,False
Eagle_office_Tia,B,C,False
Eagle_office_Yadira,C,C,True
Eagle_public_Alvin,B,C,False
Eagle_public_Henry,C,C,True
Eagle_public_Minnie,B,C,False
Eagle_public_Missy,C,C,True
Eagle_public_Ola,B,C,False
Eagle_public_Pearle,C,C,True
Eagle_public_Preston,B,C,False
Fox_assembly_Adrianne,C,D,False
Fox_assembly_Audrey,C,D,False
Fox_assembly_Boyce,C,D,False
Fox_assembly_Carlos,C,D,False
Fox_assembly_Cathy,D,D,True
Fox_assembly_Emma,C,D,False
Fox_assembly_Johnnie,D,D,True
Fox_assembly_Renna,B,C,False
Fox_assembly_Tony,C,C,True
Fox_education_Andre,B,D,False
Fox_education_Ashli,C,C,True
Fox_education_Burton,B,D,False
Fox_education_Carleen,C,A,False
Fox_education_Claire,A,A,True
Fox_education_Claude,B,C,False
Fox_education_Cynthia,B,C,False
Fox_education_Delma,D,A,False
Fox_education_Dewayne,A,A,True
Fox_education_Dominique,B,C,False
Fox_education_Eddy,B,D,False
Fox_education_Eldon,B,C,False
Fox_education_Elizabeth,D,D,True
Fox_education_Elois,C,D,False
Fox_education_Elvira,D,D,True
Fox_education_Gayla,D,D,True
Fox_education_Geoffrey,B,D,False
Fox_education_Gloria,B,C,False
Fox_education_Heriberto,D,D,True
Fox_education_Jaclyn,B,C,False
Fox_education_Jacqueline,C,D,False
Fox_education_Janina,C,D,False
Fox_education_John,D,A,False
Fox_education_Kendrick,A,A,True
Fox_education_Kim,D,A,False
Fox_education_Leona,C,A,False
Fox_education_Leota,C,D,False
Fox_education_Lesley,A,A,True
Fox_education_Lilly,C,D,False
Fox_education_Long,D,D,True
Fox_education_Louie,C,C,True
Fox_education_Marcelina,D,A,False
Fox_education_Maris,B,A,False
Fox_education_Marlana,B,C,False
Fox_education_Maureen,C,D,False
Fox_education_Melinda,B,C,False
Fox_education_Melvin,A,A,True
Fox_education_Nilda,D,D,True
Fox_education_Ollie,C,D,False
Fox_education_Otilia,B,C,False
Fox_education_Ray,C,C,True
Fox_education_Rosie,B,C,False
Fox_education_Rudolph,D,A,False
Fox_education_Shaun,C,A,False
Fox_education_Shirley,A,A,True
Fox_education_Stacia,B,B,True
Fox_education_Sterling,A,A,True
Fox_education_Suzan,C,D,False
Fox_education_Theodore,B,C,False
Fox_education_Tonya,B,C,False
Fox_education_Vernon,D,A,False
Fox_education_Virgil,B,D,False
Fox_education_Wendell,B,C,False
Fox_education_Yolande,B,D,False
Fox_food_Francesco,C,D,False
Fox_food_Scott,D,D,True
Fox_health_Lorena,C,D,False
Fox_lodging_Alana,B,C,False
Fox_lodging_Angla,D,C,False
Fox_lodging_Frances,B,C,False
Fox_lodging_Helen,B,C,False
Fox_lodging_Isabell,B,C,False
Fox_lodging_Jina,B,C,False
Fox_lodging_Morris,B,C,False
Fox_lodging_Stephan,B,C,False
Fox_lodging_Stephen,B,C,False
Fox_lodging_Wallace,B,C,False
Fox_lodging_Warren,B,C,False
Fox_lodging_Winifred,B,C,False
Fox_office_Alice,B,D,False
Fox_office_Bernard,B,D,False
Fox_office_Berniece,C,A,False
Fox_office_Carson,D,D,True
Fox_office_Demetrius,C,A,False
Fox_office_Easter,A,A,True
Fox_office_Edythe,C,D,False
Fox_office_Essie,D,A,False
Fox_office_Israel,C,D,False
Fox_office_Juana,A,A,True
Fox_office_Karima,A,A,True
Fox_office_Margarita,C,C,True
Fox_office_Rowena,D,C,False
Fox_office_Sheila,D,C,False
Fox_office_Thelma,A,A,True
Fox_office_Yong,C,D,False
Fox_office_Zachary,C,D,False
Fox_public_Bart,D,D,True
Fox_public_Lauren,B,C,False
Fox_public_Martin,B,D,False
Fox_public_Rhonda,D,D,True
Fox_retail_Manie,D,D,True
Fox_utility_Marian,C,D,False
Hog_assembly_Annemarie,B,D,False
Hog_assembly_Arlie,D,C,False
Hog_assembly_Edward,D,D,True
Hog_assembly_Jasmine,D,D,True
Hog_assembly_Maribel,D,C,False
Hog_assembly_Pedro,D,D,True
Hog_education_Beth,D,D,True
Hog_education_Bruno,B,C,False
Hog_education_Caridad,C,D,False
Hog_education_Casandra,C,C,True
Hog_education_Cathleen,B,C,False
Hog_education_Donnie,D,D,True
Hog_education_George,B,C,False
Hog_education_Hallie,B,C,False
Hog_education_Haywood,B,C,False
Hog_education_Janell,C,C,True
Hog_education_Jared,A,D,False
Hog_education_Jewel,D,C,False
Hog_education_Leandro,C,C,True
Hog_education_Luvenia,C,C,True
Hog_education_Madge,D,A,False
Hog_education_Odell,B,C,False
Hog_education_Roberto,D,A,False
Hog_education_Sonia,C,C,True
Hog_education_Wayne,C,C,True
Hog_health_Hisako,B,C,False
Hog_health_Jenny,C,C,True
Hog_lodging_Brian,B,C,False
Hog_lodging_Ora,B,C,False
Hog_lodging_Shanti,C,C,True
Hog_lodging_Shonda,B,C,False
Hog_office_Almeda,A,A,True
Hog_office_Bessie,D,A,False
Hog_office_Betsy,D,D,True
Hog_office_Bryan,D,A,False
Hog_office_Byron,C,D,False
Hog_office_Candi,C,D,False
Hog_office_Catalina,D,A,False
Hog_office_Catharine,C,D,False
Hog_office_Charla,B,C,False
Hog_office_Cordelia,A,A,True
Hog_office_Corey,A,A,True
Hog_office_Corie,D,A,False
Hog_office_Cornell,D,D,True
Hog_office_Cortney,A,A,True
Hog_office_Darline,B,C,False
Hog_office_Denita,A,A,True
Hog_office_Elizbeth,C,C,True
Hog_office_Elke,A,A,True
Hog_office_Elnora,B,C,False
Hog_office_Eloise,C,D,False
Hog_office_Emmanuel,D,D,True
Hog_office_Garrett,D,D,True
Hog_office_Guadalupe,A,A,True
Hog_office_Gustavo,D,D,True
Hog_office_Joey,C,C,True
Hog_office_Josefina,C,D,False
Hog_office_Lanell,D,D,True
Hog_office_Leanne,C,D,False
Hog_office_Marlena,A,A,True
Hog_office_Marlene,A,D,False
Hog_office_Mary,A,A,True
Hog_office_Miriam,D,D,True
Hog_office_Myles,A,A,True
Hog_office_Nancie,A,A,True
Hog_office_Napoleon,D,D,True
Hog_office_Nia,D,C,False
Hog_office_Richelle,D,D,True
Hog_office_Roger,B,C,False
Hog_office_Rolando,C,C,True
Hog_office_Sarah,B,C,False
Hog_office_Shawna,A,D,False
Hog_office_Shon,D,A,False
Hog_office_Simon,A,A,True
Hog_office_Sydney,D,A,False
Hog_office_Terry,C,C,True
Hog_office_Vera,A,A,True
Hog_parking_Bernardo,D,D,True
Hog_public_Brad,B,C,False
Hog_public_Crystal,D,D,True
Hog_public_Gerard,D,D,True
Hog_public_Kevin,D,A,False
Hog_public_Octavia,C,C,True
Moose_education_Abbie,B,A,False
Moose_education_Clark,D,A,False
Moose_education_Diane,B,A,False
Moose_education_Florence,A,A,True
Moose_education_Gladys,C,A,False
Moose_education_Leland,A,A,True
Moose_education_Lori,B,C,False
Moose_education_Maria,B,D,False
Moose_education_Marina,C,D,False
Moose_education_Marlon,A,A,True
Moose_education_Rene,A,A,True
Moose_education_Ricardo,B,C,False
Moose_education_Sasha,C,D,False
Panther_education_Annetta,C,D,False
Panther_education_Aurora,D,A,False
Panther_education_Cleopatra,C,D,False
Panther_education_Emily,C,D,False
Panther_education_Enriqueta,C,D,False
Panther_education_Ivan,C,D,False
Panther_education_Jerome,B,C,False
Panther_education_Neal,A,D,False
Panther_education_Quintin,C,D,False
Panther_education_Teofila,D,D,True
Panther_education_Vincent,D,D,True
Panther_education_Zelda,D,D,True
Panther_lodging_Cora,B,C,False
Panther_lodging_Kara,B,C,False
Panther_lodging_Kirk,B,C,False
Panther_lodging_Marisol,B,C,False
Panther_office_Brent,C,D,False
Panther_office_Christian,C,C,True
Panther_office_Clementine,C,D,False
Panther_office_Garth,B,C,False
Panther_office_Graham,D,D,True
Panther_office_Karla,C,A,False
Panther_office_Lavinia,B,C,False
Panther_other_Bettie,B,B,True
Panther_retail_Kristina,A,A,True
Peacock_assembly_Dena,D,C,False
Peacock_assembly_Mamie,C,A,False
Peacock_assembly_Russ,B,D,False
Peacock_education_Anita,D,A,False
Peacock_education_Dustin,D,D,True
Peacock_education_Forest,D,D,True
Peacock_education_Lucie,B,C,False
Peacock_education_Lyle,C,D,False
Peacock_education_Ophelia,B,C,False
Peacock_education_Pasquale,B,C,False
Peacock_education_Patience,D,A,False
Peacock_education_Weldon,B,D,False
Peacock_education_Yolanda,D,C,False
Peacock_lodging_Jamaal,C,A,False
Peacock_lodging_James,B,D,False
Peacock_lodging_Matthew,B,C,False
Peacock_lodging_Sergio,B,D,False
Peacock_lodging_Wes,C,D,False
Peacock_office_Dara,D,D,True
Peacock_office_Effie,D,D,True
Peacock_office_Jonathon,C,D,False
Peacock_office_Julian,D,A,False
Peacock_office_Major,B,D,False
Peacock_office_Naomi,D,D,True
Peacock_office_Norman,C,D,False
Peacock_public_Kelvin,D,C,False
Peacock_public_Linda,B,D,False
Swan_unknown_Allison,A,A,True
Swan_unknown_Andres,D,D,True
Swan_unknown_Christoper,D,D,True
Swan_unknown_Douglas,B,D,False
Swan_unknown_Esteban,C,A,False
Swan_unknown_Fabian,D,D,True
Swan_unknown_Ike,A,A,True
Swan_unknown_Isaiah,A,A,True
Swan_unknown_Jan,B,D,False
Swan_unknown_Jerold,C,D,False
Swan_unknown_Noelia,D,A,False
Swan_unknown_Raquel,C,D,False
Swan_unknown_Reyna,A,A,True
Swan_unknown_Rocco,C,D,False
Swan_unknown_Rudy,C,D,False
Swan_unknown_Tom,A,A,True
Swan_unknown_Valeria,B,D,False
Swan_unknown_Wendy,D,A,False
